iteracao,residuo
1,9.83773
2,9.80592
3,9.77418
4,9.74253
5,9.71097
6,9.67951
7,9.64815
8,9.61688
9,9.58571
10,9.55464
11,9.52367
12,9.49279
13,9.46202
14,9.43134
15,9.40076
16,9.37028
17,9.33989
18,9.3096
19,9.27941
20,9.24932
21,9.21932
22,9.18942
23,9.15961
24,9.12991
25,9.10029
26,9.07077
27,9.04135
28,9.01202
29,8.98279
30,8.95365
31,8.9246
32,8.89565
33,8.86679
34,8.83803
35,8.80936
36,8.78078
37,8.75229
38,8.72389
39,8.69559
40,8.66737
41,8.63925
42,8.61122
43,8.58328
44,8.55543
45,8.52767
46,8.5
47,8.47242
48,8.44493
49,8.41753
50,8.39021
51,8.36298
52,8.33585
53,8.3088
54,8.28183
55,8.25496
56,8.22817
57,8.20147
58,8.17485
59,8.14832
60,8.12188
61,8.09552
62,8.06925
63,8.04306
64,8.01695
65,7.99094
66,7.965
67,7.93915
68,7.91338
69,7.8877
70,7.8621
71,7.83658
72,7.81115
73,7.78579
74,7.76052
75,7.73533
76,7.71022
77,7.6852
78,7.66025
79,7.63539
80,7.6106
81,7.5859
82,7.56128
83,7.53673
84,7.51227
85,7.48788
86,7.46357
87,7.43935
88,7.4152
89,7.39113
90,7.36713
91,7.34322
92,7.31938
93,7.29562
94,7.27193
95,7.24832
96,7.22479
97,7.20134
98,7.17796
99,7.15466
100,7.13143
101,7.10828
102,7.0852
103,7.06219
104,7.03927
105,7.01641
106,6.99363
107,6.97093
108,6.94829
109,6.92573
110,6.90325
111,6.88083
112,6.85849
113,6.83622
114,6.81403
115,6.7919
116,6.76985
117,6.74787
118,6.72596
119,6.70412
120,6.68235
121,6.66065
122,6.63902
123,6.61746
124,6.59597
125,6.57456
126,6.55321
127,6.53193
128,6.51071
129,6.48957
130,6.4685
131,6.44749
132,6.42655
133,6.40568
134,6.38488
135,6.36415
136,6.34348
137,6.32288
138,6.30235
139,6.28188
140,6.26148
141,6.24114
142,6.22087
143,6.20067
144,6.18053
145,6.16046
146,6.14045
147,6.12051
148,6.10063
149,6.08081
150,6.06106
151,6.04138
152,6.02176
153,6.0022
154,5.9827
155,5.96327
156,5.9439
157,5.92459
158,5.90535
159,5.88617
160,5.86705
161,5.84799
162,5.829
163,5.81006
164,5.79119
165,5.77238
166,5.75363
167,5.73494
168,5.71631
169,5.69774
170,5.67923
171,5.66078
172,5.64239
173,5.62406
174,5.60579
175,5.58758
176,5.56943
177,5.55134
178,5.5333
179,5.51533
180,5.49741
181,5.47955
182,5.46175
183,5.444
184,5.42632
185,5.40869
186,5.39111
187,5.3736
188,5.35614
189,5.33874
190,5.32139
191,5.3041
192,5.28687
193,5.26969
194,5.25257
195,5.2355
196,5.21849
197,5.20154
198,5.18464
199,5.16779
200,5.151
201,5.13426
202,5.11758
203,5.10095
204,5.08438
205,5.06785
206,5.05139
207,5.03497
208,5.01861
209,5.0023
210,4.98605
211,4.96985
212,4.9537
213,4.9376
214,4.92155
215,4.90556
216,4.88962
217,4.87373
218,4.85789
219,4.8421
220,4.82637
221,4.81068
222,4.79505
223,4.77946
224,4.76393
225,4.74845
226,4.73302
227,4.71763
228,4.7023
229,4.68702
230,4.67179
231,4.6566
232,4.64147
233,4.62638
234,4.61135
235,4.59636
236,4.58142
237,4.56653
238,4.55169
239,4.53689
240,4.52215
241,4.50745
242,4.4928
243,4.47819
244,4.46364
245,4.44913
246,4.43467
247,4.42025
248,4.40588
249,4.39156
250,4.37729
251,4.36306
252,4.34887
253,4.33474
254,4.32065
255,4.3066
256,4.2926
257,4.27865
258,4.26474
259,4.25087
260,4.23706
261,4.22328
262,4.20955
263,4.19587
264,4.18223
265,4.16863
266,4.15508
267,4.14157
268,4.12811
269,4.11469
270,4.10131
271,4.08797
272,4.07468
273,4.06144
274,4.04823
275,4.03507
276,4.02195
277,4.00887
278,3.99584
279,3.98285
280,3.9699
281,3.95699
282,3.94413
283,3.9313
284,3.91852
285,3.90578
286,3.89308
287,3.88042
288,3.8678
289,3.85523
290,3.84269
291,3.8302
292,3.81774
293,3.80533
294,3.79296
295,3.78062
296,3.76833
297,3.75608
298,3.74386
299,3.73169
300,3.71955
301,3.70746
302,3.6954
303,3.68338
304,3.67141
305,3.65947
306,3.64757
307,3.6357
308,3.62388
309,3.6121
310,3.60035
311,3.58864
312,3.57697
313,3.56534
314,3.55374
315,3.54219
316,3.53067
317,3.51918
318,3.50774
319,3.49633
320,3.48496
321,3.47363
322,3.46233
323,3.45107
324,3.43984
325,3.42866
326,3.41751
327,3.40639
328,3.39531
329,3.38427
330,3.37326
331,3.36229
332,3.35135
333,3.34045
334,3.32959
335,3.31876
336,3.30796
337,3.29721
338,3.28648
339,3.27579
340,3.26514
341,3.25452
342,3.24393
343,3.23338
344,3.22286
345,3.21238
346,3.20193
347,3.19151
348,3.18113
349,3.17078
350,3.16047
351,3.15019
352,3.13994
353,3.12973
354,3.11955
355,3.1094
356,3.09928
357,3.0892
358,3.07915
359,3.06914
360,3.05915
361,3.0492
362,3.03928
363,3.02939
364,3.01954
365,3.00972
366,2.99992
367,2.99017
368,2.98044
369,2.97074
370,2.96108
371,2.95144
372,2.94184
373,2.93227
374,2.92273
375,2.91322
376,2.90375
377,2.8943
378,2.88488
379,2.8755
380,2.86614
381,2.85682
382,2.84752
383,2.83826
384,2.82902
385,2.81982
386,2.81064
387,2.8015
388,2.79238
389,2.7833
390,2.77424
391,2.76522
392,2.75622
393,2.74725
394,2.73831
395,2.7294
396,2.72052
397,2.71167
398,2.70285
399,2.69405
400,2.68529
401,2.67655
402,2.66784
403,2.65916
404,2.65051
405,2.64188
406,2.63329
407,2.62472
408,2.61618
409,2.60767
410,2.59918
411,2.59072
412,2.58229
413,2.57389
414,2.56552
415,2.55717
416,2.54885
417,2.54055
418,2.53228
419,2.52404
420,2.51583
421,2.50764
422,2.49948
423,2.49135
424,2.48324
425,2.47516
426,2.46711
427,2.45908
428,2.45108
429,2.4431
430,2.43515
431,2.42722
432,2.41933
433,2.41145
434,2.40361
435,2.39578
436,2.38799
437,2.38021
438,2.37247
439,2.36475
440,2.35705
441,2.34938
442,2.34174
443,2.33411
444,2.32652
445,2.31895
446,2.3114
447,2.30388
448,2.29638
449,2.28891
450,2.28146
451,2.27403
452,2.26663
453,2.25925
454,2.2519
455,2.24457
456,2.23727
457,2.22998
458,2.22273
459,2.21549
460,2.20828
461,2.20109
462,2.19393
463,2.18679
464,2.17967
465,2.17258
466,2.16551
467,2.15846
468,2.15143
469,2.14443
470,2.13745
471,2.13049
472,2.12356
473,2.11665
474,2.10976
475,2.10289
476,2.09605
477,2.08922
478,2.08242
479,2.07565
480,2.06889
481,2.06216
482,2.05544
483,2.04875
484,2.04208
485,2.03544
486,2.02881
487,2.02221
488,2.01563
489,2.00907
490,2.00253
491,1.99601
492,1.98951
493,1.98303
494,1.97658
495,1.97015
496,1.96373
497,1.95734
498,1.95097
499,1.94462
500,1.93829
501,1.93198
502,1.92569
503,1.91942
504,1.91317
505,1.90694
506,1.90074
507,1.89455
508,1.88838
509,1.88224
510,1.87611
511,1.87
512,1.86391
513,1.85785
514,1.8518
515,1.84577
516,1.83976
517,1.83377
518,1.8278
519,1.82185
520,1.81592
521,1.81001
522,1.80412
523,1.79824
524,1.79239
525,1.78656
526,1.78074
527,1.77494
528,1.76916
529,1.7634
530,1.75766
531,1.75194
532,1.74624
533,1.74055
534,1.73489
535,1.72924
536,1.72361
537,1.718
538,1.71241
539,1.70683
540,1.70127
541,1.69573
542,1.69021
543,1.68471
544,1.67923
545,1.67376
546,1.66831
547,1.66288
548,1.65747
549,1.65207
550,1.64669
551,1.64133
552,1.63599
553,1.63066
554,1.62535
555,1.62006
556,1.61478
557,1.60953
558,1.60429
559,1.59906
560,1.59386
561,1.58867
562,1.5835
563,1.57834
564,1.5732
565,1.56808
566,1.56297
567,1.55789
568,1.55281
569,1.54776
570,1.54272
571,1.5377
572,1.53269
573,1.5277
574,1.52272
575,1.51777
576,1.51283
577,1.5079
578,1.50299
579,1.4981
580,1.49322
581,1.48836
582,1.48351
583,1.47868
584,1.47387
585,1.46907
586,1.46428
587,1.45952
588,1.45476
589,1.45003
590,1.44531
591,1.4406
592,1.43591
593,1.43123
594,1.42657
595,1.42193
596,1.4173
597,1.41268
598,1.40808
599,1.4035
600,1.39893
601,1.39437
602,1.38983
603,1.38531
604,1.3808
605,1.3763
606,1.37182
607,1.36735
608,1.3629
609,1.35846
610,1.35404
611,1.34963
612,1.34524
613,1.34086
614,1.33649
615,1.33214
616,1.3278
617,1.32348
618,1.31917
619,1.31487
620,1.31059
621,1.30632
622,1.30207
623,1.29783
624,1.2936
625,1.28939
626,1.28519
627,1.28101
628,1.27684
629,1.27268
630,1.26853
631,1.2644
632,1.26029
633,1.25618
634,1.25209
635,1.24801
636,1.24395
637,1.2399
638,1.23586
639,1.23184
640,1.22783
641,1.22383
642,1.21984
643,1.21587
644,1.21191
645,1.20797
646,1.20403
647,1.20011
648,1.1962
649,1.19231
650,1.18843
651,1.18456
652,1.1807
653,1.17685
654,1.17302
655,1.1692
656,1.16539
657,1.1616
658,1.15782
659,1.15404
660,1.15029
661,1.14654
662,1.14281
663,1.13909
664,1.13538
665,1.13168
666,1.12799
667,1.12432
668,1.12066
669,1.11701
670,1.11337
671,1.10975
672,1.10613
673,1.10253
674,1.09894
675,1.09536
676,1.09179
677,1.08824
678,1.08469
679,1.08116
680,1.07764
681,1.07413
682,1.07063
683,1.06715
684,1.06367
685,1.06021
686,1.05676
687,1.05331
688,1.04988
689,1.04646
690,1.04306
691,1.03966
692,1.03627
693,1.0329
694,1.02954
695,1.02618
696,1.02284
697,1.01951
698,1.01619
699,1.01288
700,1.00958
701,1.00629
702,1.00302
703,0.99975
704,0.996494
705,0.993249
706,0.990014
707,0.98679
708,0.983576
709,0.980373
710,0.97718
711,0.973998
712,0.970826
713,0.967664
714,0.964513
715,0.961371
716,0.95824
717,0.95512
718,0.952009
719,0.948909
720,0.945818
721,0.942738
722,0.939668
723,0.936607
724,0.933557
725,0.930517
726,0.927486
727,0.924466
728,0.921455
729,0.918454
730,0.915463
731,0.912481
732,0.909509
733,0.906547
734,0.903595
735,0.900652
736,0.897719
737,0.894795
738,0.891881
739,0.888976
740,0.886081
741,0.883195
742,0.880319
743,0.877451
744,0.874594
745,0.871745
746,0.868906
747,0.866076
748,0.863256
749,0.860444
750,0.857642
751,0.854848
752,0.852064
753,0.849289
754,0.846523
755,0.843766
756,0.841018
757,0.838279
758,0.835549
759,0.832827
760,0.830115
761,0.827411
762,0.824717
763,0.822031
764,0.819353
765,0.816685
766,0.814025
767,0.811374
768,0.808731
769,0.806097
770,0.803472
771,0.800855
772,0.798246
773,0.795646
774,0.793055
775,0.790472
776,0.787898
777,0.785331
778,0.782774
779,0.780224
780,0.777683
781,0.77515
782,0.772625
783,0.770109
784,0.767601
785,0.765101
786,0.762609
787,0.760125
788,0.757649
789,0.755182
790,0.752722
791,0.75027
792,0.747827
793,0.745391
794,0.742963
795,0.740543
796,0.738131
797,0.735727
798,0.733331
799,0.730943
800,0.728562
801,0.726189
802,0.723824
803,0.721466
804,0.719116
805,0.716774
806,0.714439
807,0.712112
808,0.709793
809,0.707481
810,0.705177
811,0.70288
812,0.700591
813,0.698309
814,0.696034
815,0.693767
816,0.691508
817,0.689255
818,0.687011
819,0.684773
820,0.682542
821,0.680319
822,0.678104
823,0.675895
824,0.673693
825,0.671499
826,0.669312
827,0.667132
828,0.664959
829,0.662793
830,0.660634
831,0.658483
832,0.656338
833,0.6542
834,0.652069
835,0.649945
836,0.647828
837,0.645718
838,0.643615
839,0.641519
840,0.639429
841,0.637347
842,0.635271
843,0.633201
844,0.631139
845,0.629083
846,0.627034
847,0.624992
848,0.622956
849,0.620927
850,0.618905
851,0.616889
852,0.61488
853,0.612877
854,0.61088
855,0.608891
856,0.606907
857,0.604931
858,0.60296
859,0.600996
860,0.599039
861,0.597088
862,0.595143
863,0.593204
864,0.591272
865,0.589346
866,0.587427
867,0.585513
868,0.583606
869,0.581705
870,0.57981
871,0.577922
872,0.576039
873,0.574163
874,0.572293
875,0.570429
876,0.568571
877,0.566719
878,0.564873
879,0.563033
880,0.561199
881,0.559371
882,0.557549
883,0.555733
884,0.553923
885,0.552119
886,0.55032
887,0.548528
888,0.546741
889,0.54496
890,0.543185
891,0.541416
892,0.539652
893,0.537895
894,0.536142
895,0.534396
896,0.532655
897,0.53092
898,0.529191
899,0.527467
900,0.525749
901,0.524037
902,0.52233
903,0.520628
904,0.518933
905,0.517242
906,0.515558
907,0.513878
908,0.512204
909,0.510536
910,0.508873
911,0.507215
912,0.505563
913,0.503917
914,0.502275
915,0.500639
916,0.499008
917,0.497383
918,0.495763
919,0.494148
920,0.492538
921,0.490934
922,0.489335
923,0.487741
924,0.486152
925,0.484569
926,0.48299
927,0.481417
928,0.479849
929,0.478286
930,0.476728
931,0.475175
932,0.473627
933,0.472085
934,0.470547
935,0.469014
936,0.467486
937,0.465964
938,0.464446
939,0.462933
940,0.461425
941,0.459922
942,0.458424
943,0.456931
944,0.455442
945,0.453959
946,0.45248
947,0.451006
948,0.449537
949,0.448073
950,0.446613
951,0.445159
952,0.443708
953,0.442263
954,0.440823
955,0.439387
956,0.437955
957,0.436529
958,0.435107
959,0.43369
960,0.432277
961,0.430869
962,0.429465
963,0.428066
964,0.426672
965,0.425282
966,0.423897
967,0.422516
968,0.42114
969,0.419768
970,0.418401
971,0.417038
972,0.415679
973,0.414325
974,0.412976
975,0.41163
976,0.41029
977,0.408953
978,0.407621
979,0.406293
980,0.40497
981,0.403651
982,0.402336
983,0.401025
984,0.399719
985,0.398417
986,0.397119
987,0.395826
988,0.394536
989,0.393251
990,0.39197
991,0.390693
992,0.389421
993,0.388152
994,0.386888
995,0.385627
996,0.384371
997,0.383119
998,0.381871
999,0.380627
1000,0.379388
1001,0.378152
1002,0.37692
1003,0.375692
1004,0.374468
1005,0.373249
1006,0.372033
1007,0.370821
1008,0.369613
1009,0.368409
1010,0.367209
1011,0.366013
1012,0.36482
1013,0.363632
1014,0.362448
1015,0.361267
1016,0.36009
1017,0.358917
1018,0.357748
1019,0.356583
1020,0.355421
1021,0.354263
1022,0.353109
1023,0.351959
1024,0.350813
1025,0.34967
1026,0.348531
1027,0.347396
1028,0.346264
1029,0.345136
1030,0.344012
1031,0.342891
1032,0.341774
1033,0.340661
1034,0.339551
1035,0.338445
1036,0.337343
1037,0.336244
1038,0.335149
1039,0.334057
1040,0.332969
1041,0.331884
1042,0.330803
1043,0.329725
1044,0.328651
1045,0.327581
1046,0.326514
1047,0.32545
1048,0.32439
1049,0.323333
1050,0.32228
1051,0.32123
1052,0.320184
1053,0.319141
1054,0.318101
1055,0.317065
1056,0.316032
1057,0.315003
1058,0.313977
1059,0.312954
1060,0.311934
1061,0.310918
1062,0.309905
1063,0.308896
1064,0.30789
1065,0.306887
1066,0.305887
1067,0.304891
1068,0.303898
1069,0.302908
1070,0.301921
1071,0.300937
1072,0.299957
1073,0.29898
1074,0.298006
1075,0.297035
1076,0.296068
1077,0.295103
1078,0.294142
1079,0.293184
1080,0.292229
1081,0.291277
1082,0.290328
1083,0.289382
1084,0.28844
1085,0.2875
1086,0.286563
1087,0.28563
1088,0.2847
1089,0.283772
1090,0.282848
1091,0.281926
1092,0.281008
1093,0.280093
1094,0.27918
1095,0.278271
1096,0.277364
1097,0.276461
1098,0.27556
1099,0.274663
1100,0.273768
1101,0.272876
1102,0.271987
1103,0.271101
1104,0.270218
1105,0.269338
1106,0.268461
1107,0.267586
1108,0.266714
1109,0.265846
1110,0.26498
1111,0.264116
1112,0.263256
1113,0.262398
1114,0.261544
1115,0.260692
1116,0.259842
1117,0.258996
1118,0.258152
1119,0.257311
1120,0.256473
1121,0.255638
1122,0.254805
1123,0.253975
1124,0.253148
1125,0.252323
1126,0.251501
1127,0.250682
1128,0.249865
1129,0.249051
1130,0.24824
1131,0.247431
1132,0.246625
1133,0.245822
1134,0.245021
1135,0.244223
1136,0.243427
1137,0.242634
1138,0.241844
1139,0.241056
1140,0.240271
1141,0.239488
1142,0.238708
1143,0.237931
1144,0.237156
1145,0.236383
1146,0.235613
1147,0.234845
1148,0.23408
1149,0.233318
1150,0.232558
1151,0.2318
1152,0.231045
1153,0.230293
1154,0.229542
1155,0.228795
1156,0.228049
1157,0.227306
1158,0.226566
1159,0.225828
1160,0.225092
1161,0.224359
1162,0.223628
1163,0.2229
1164,0.222174
1165,0.22145
1166,0.220729
1167,0.22001
1168,0.219293
1169,0.218578
1170,0.217866
1171,0.217157
1172,0.216449
1173,0.215744
1174,0.215041
1175,0.214341
1176,0.213643
1177,0.212947
1178,0.212253
1179,0.211562
1180,0.210872
1181,0.210186
1182,0.209501
1183,0.208818
1184,0.208138
1185,0.20746
1186,0.206784
1187,0.206111
1188,0.205439
1189,0.20477
1190,0.204103
1191,0.203438
1192,0.202775
1193,0.202115
1194,0.201457
1195,0.2008
1196,0.200146
1197,0.199494
1198,0.198844
1199,0.198197
1200,0.197551
1201,0.196907
1202,0.196266
1203,0.195627
1204,0.194989
1205,0.194354
1206,0.193721
1207,0.19309
1208,0.192461
1209,0.191834
1210,0.191209
1211,0.190586
1212,0.189965
1213,0.189347
1214,0.18873
1215,0.188115
1216,0.187502
1217,0.186891
1218,0.186283
1219,0.185676
1220,0.185071
1221,0.184468
1222,0.183867
1223,0.183268
1224,0.182671
1225,0.182076
1226,0.181483
1227,0.180892
1228,0.180302
1229,0.179715
1230,0.17913
1231,0.178546
1232,0.177965
1233,0.177385
1234,0.176807
1235,0.176231
1236,0.175657
1237,0.175085
1238,0.174514
1239,0.173946
1240,0.173379
1241,0.172814
1242,0.172251
1243,0.17169
1244,0.171131
1245,0.170574
1246,0.170018
1247,0.169464
1248,0.168912
1249,0.168362
1250,0.167813
1251,0.167267
1252,0.166722
1253,0.166179
1254,0.165637
1255,0.165098
1256,0.16456
1257,0.164024
1258,0.16349
1259,0.162957
1260,0.162426
1261,0.161897
1262,0.16137
1263,0.160844
1264,0.16032
1265,0.159798
1266,0.159277
1267,0.158758
1268,0.158241
1269,0.157726
1270,0.157212
1271,0.1567
1272,0.156189
1273,0.155681
1274,0.155173
1275,0.154668
1276,0.154164
1277,0.153662
1278,0.153161
1279,0.152662
1280,0.152165
1281,0.151669
1282,0.151175
1283,0.150683
1284,0.150192
1285,0.149703
1286,0.149215
1287,0.148729
1288,0.148244
1289,0.147762
1290,0.14728
1291,0.1468
1292,0.146322
1293,0.145846
1294,0.14537
1295,0.144897
1296,0.144425
1297,0.143954
1298,0.143485
1299,0.143018
1300,0.142552
1301,0.142088
1302,0.141625
1303,0.141164
1304,0.140704
1305,0.140245
1306,0.139788
1307,0.139333
1308,0.138879
1309,0.138427
1310,0.137976
1311,0.137526
1312,0.137078
1313,0.136632
1314,0.136187
1315,0.135743
1316,0.135301
1317,0.13486
1318,0.134421
1319,0.133983
1320,0.133546
1321,0.133111
1322,0.132678
1323,0.132246
1324,0.131815
1325,0.131385
1326,0.130957
1327,0.130531
1328,0.130106
1329,0.129682
1330,0.129259
1331,0.128838
1332,0.128419
1333,0.128
1334,0.127583
1335,0.127168
1336,0.126753
1337,0.12634
1338,0.125929
1339,0.125519
1340,0.12511
1341,0.124702
1342,0.124296
1343,0.123891
1344,0.123487
1345,0.123085
1346,0.122684
1347,0.122285
1348,0.121886
1349,0.121489
1350,0.121093
1351,0.120699
1352,0.120306
1353,0.119914
1354,0.119523
1355,0.119134
1356,0.118746
1357,0.118359
1358,0.117973
1359,0.117589
1360,0.117206
1361,0.116824
1362,0.116444
1363,0.116064
1364,0.115686
1365,0.115309
1366,0.114934
1367,0.114559
1368,0.114186
1369,0.113814
1370,0.113443
1371,0.113074
1372,0.112706
1373,0.112338
1374,0.111972
1375,0.111608
1376,0.111244
1377,0.110882
1378,0.11052
1379,0.11016
1380,0.109802
1381,0.109444
1382,0.109087
1383,0.108732
1384,0.108378
1385,0.108025
1386,0.107673
1387,0.107322
1388,0.106972
1389,0.106624
1390,0.106277
1391,0.10593
1392,0.105585
1393,0.105241
1394,0.104899
1395,0.104557
1396,0.104216
1397,0.103877
1398,0.103538
1399,0.103201
1400,0.102865
1401,0.10253
1402,0.102196
1403,0.101863
1404,0.101531
1405,0.1012
1406,0.100871
1407,0.100542
1408,0.100215
1409,0.0998881
1410,0.0995627
1411,0.0992383
1412,0.0989151
1413,0.0985928
1414,0.0982717
1415,0.0979515
1416,0.0976324
1417,0.0973144
1418,0.0969974
1419,0.0966814
1420,0.0963664
1421,0.0960525
1422,0.0957396
1423,0.0954277
1424,0.0951169
1425,0.094807
1426,0.0944982
1427,0.0941903
1428,0.0938835
1429,0.0935777
1430,0.0932728
1431,0.092969
1432,0.0926661
1433,0.0923643
1434,0.0920634
1435,0.0917635
1436,0.0914645
1437,0.0911666
1438,0.0908696
1439,0.0905736
1440,0.0902785
1441,0.0899844
1442,0.0896913
1443,0.0893991
1444,0.0891079
1445,0.0888176
1446,0.0885283
1447,0.0882399
1448,0.0879524
1449,0.0876659
1450,0.0873803
1451,0.0870957
1452,0.086812
1453,0.0865292
1454,0.0862473
1455,0.0859663
1456,0.0856863
1457,0.0854071
1458,0.0851289
1459,0.0848516
1460,0.0845752
1461,0.0842997
1462,0.0840251
1463,0.0837513
1464,0.0834785
1465,0.0832066
1466,0.0829355
1467,0.0826653
1468,0.0823961
1469,0.0821276
1470,0.0818601
1471,0.0815934
1472,0.0813276
1473,0.0810627
1474,0.0807986
1475,0.0805354
1476,0.0802731
1477,0.0800116
1478,0.0797509
1479,0.0794911
1480,0.0792322
1481,0.0789741
1482,0.0787168
1483,0.0784604
1484,0.0782048
1485,0.07795
1486,0.0776961
1487,0.077443
1488,0.0771907
1489,0.0769392
1490,0.0766886
1491,0.0764388
1492,0.0761898
1493,0.0759416
1494,0.0756942
1495,0.0754476
1496,0.0752018
1497,0.0749568
1498,0.0747127
1499,0.0744693
1500,0.0742267
1501,0.0739849
1502,0.0737439
1503,0.0735036
1504,0.0732642
1505,0.0730255
1506,0.0727876
1507,0.0725505
1508,0.0723142
1509,0.0720786
1510,0.0718438
1511,0.0716098
1512,0.0713765
1513,0.071144
1514,0.0709122
1515,0.0706812
1516,0.070451
1517,0.0702215
1518,0.0699927
1519,0.0697647
1520,0.0695374
1521,0.0693109
1522,0.0690851
1523,0.0688601
1524,0.0686357
1525,0.0684121
1526,0.0681893
1527,0.0679671
1528,0.0677457
1529,0.067525
1530,0.0673051
1531,0.0670858
1532,0.0668673
1533,0.0666495
1534,0.0664323
1535,0.0662159
1536,0.0660002
1537,0.0657852
1538,0.0655709
1539,0.0653573
1540,0.0651444
1541,0.0649322
1542,0.0647207
1543,0.0645098
1544,0.0642997
1545,0.0640902
1546,0.0638814
1547,0.0636733
1548,0.0634659
1549,0.0632592
1550,0.0630531
1551,0.0628477
1552,0.0626429
1553,0.0624389
1554,0.0622355
1555,0.0620327
1556,0.0618307
1557,0.0616292
1558,0.0614285
1559,0.0612284
1560,0.0610289
1561,0.0608301
1562,0.0606319
1563,0.0604344
1564,0.0602375
1565,0.0600413
1566,0.0598457
1567,0.0596508
1568,0.0594564
1569,0.0592628
1570,0.0590697
1571,0.0588773
1572,0.0586855
1573,0.0584943
1574,0.0583037
1575,0.0581138
1576,0.0579245
1577,0.0577358
1578,0.0575477
1579,0.0573603
1580,0.0571734
1581,0.0569871
1582,0.0568015
1583,0.0566165
1584,0.056432
1585,0.0562482
1586,0.056065
1587,0.0558823
1588,0.0557003
1589,0.0555188
1590,0.055338
1591,0.0551577
1592,0.054978
1593,0.0547989
1594,0.0546204
1595,0.0544425
1596,0.0542651
1597,0.0540883
1598,0.0539121
1599,0.0537365
1600,0.0535615
1601,0.053387
1602,0.0532131
1603,0.0530397
1604,0.0528669
1605,0.0526947
1606,0.0525231
1607,0.052352
1608,0.0521814
1609,0.0520114
1610,0.051842
1611,0.0516731
1612,0.0515048
1613,0.051337
1614,0.0511698
1615,0.0510031
1616,0.0508369
1617,0.0506713
1618,0.0505062
1619,0.0503417
1620,0.0501777
1621,0.0500143
1622,0.0498513
1623,0.0496889
1624,0.0495271
1625,0.0493657
1626,0.0492049
1627,0.0490446
1628,0.0488848
1629,0.0487256
1630,0.0485669
1631,0.0484087
1632,0.048251
1633,0.0480938
1634,0.0479371
1635,0.0477809
1636,0.0476253
1637,0.0474701
1638,0.0473155
1639,0.0471614
1640,0.0470077
1641,0.0468546
1642,0.046702
1643,0.0465498
1644,0.0463982
1645,0.046247
1646,0.0460964
1647,0.0459462
1648,0.0457965
1649,0.0456474
1650,0.0454987
1651,0.0453504
1652,0.0452027
1653,0.0450554
1654,0.0449087
1655,0.0447624
1656,0.0446166
1657,0.0444712
1658,0.0443263
1659,0.0441819
1660,0.044038
1661,0.0438946
1662,0.0437516
1663,0.043609
1664,0.043467
1665,0.0433254
1666,0.0431842
1667,0.0430436
1668,0.0429033
1669,0.0427636
1670,0.0426243
1671,0.0424854
1672,0.042347
1673,0.0422091
1674,0.0420716
1675,0.0419345
1676,0.0417979
1677,0.0416617
1678,0.041526
1679,0.0413907
1680,0.0412559
1681,0.0411215
1682,0.0409876
1683,0.040854
1684,0.0407209
1685,0.0405883
1686,0.0404561
1687,0.0403243
1688,0.0401929
1689,0.040062
1690,0.0399315
1691,0.0398014
1692,0.0396717
1693,0.0395425
1694,0.0394137
1695,0.0392853
1696,0.0391573
1697,0.0390298
1698,0.0389026
1699,0.0387759
1700,0.0386496
1701,0.0385237
1702,0.0383982
1703,0.0382731
1704,0.0381484
1705,0.0380241
1706,0.0379003
1707,0.0377768
1708,0.0376537
1709,0.0375311
1710,0.0374088
1711,0.0372869
1712,0.0371655
1713,0.0370444
1714,0.0369237
1715,0.0368034
1716,0.0366835
1717,0.036564
1718,0.0364449
1719,0.0363262
1720,0.0362079
1721,0.0360899
1722,0.0359724
1723,0.0358552
1724,0.0357384
1725,0.0356219
1726,0.0355059
1727,0.0353902
1728,0.0352749
1729,0.03516
1730,0.0350455
1731,0.0349313
1732,0.0348175
1733,0.0347041
1734,0.0345911
1735,0.0344784
1736,0.0343661
1737,0.0342541
1738,0.0341425
1739,0.0340313
1740,0.0339204
1741,0.0338099
1742,0.0336998
1743,0.03359
1744,0.0334806
1745,0.0333715
1746,0.0332628
1747,0.0331545
1748,0.0330464
1749,0.0329388
1750,0.0328315
1751,0.0327245
1752,0.0326179
1753,0.0325117
1754,0.0324058
1755,0.0323002
1756,0.032195
1757,0.0320901
1758,0.0319856
1759,0.0318814
1760,0.0317775
1761,0.031674
1762,0.0315708
1763,0.031468
1764,0.0313654
1765,0.0312633
1766,0.0311614
1767,0.0310599
1768,0.0309587
1769,0.0308579
1770,0.0307574
1771,0.0306572
1772,0.0305573
1773,0.0304577
1774,0.0303585
1775,0.0302596
1776,0.0301611
1777,0.0300628
1778,0.0299649
1779,0.0298673
1780,0.02977
1781,0.029673
1782,0.0295763
1783,0.02948
1784,0.0293839
1785,0.0292882
1786,0.0291928
1787,0.0290977
1788,0.0290029
1789,0.0289084
1790,0.0288143
1791,0.0287204
1792,0.0286268
1793,0.0285336
1794,0.0284406
1795,0.028348
1796,0.0282556
1797,0.0281636
1798,0.0280718
1799,0.0279804
1800,0.0278892
1801,0.0277984
1802,0.0277078
1803,0.0276176
1804,0.0275276
1805,0.0274379
1806,0.0273485
1807,0.0272594
1808,0.0271706
1809,0.0270821
1810,0.0269939
1811,0.026906
1812,0.0268183
1813,0.026731
1814,0.0266439
1815,0.0265571
1816,0.0264706
1817,0.0263843
1818,0.0262984
1819,0.0262127
1820,0.0261273
1821,0.0260422
1822,0.0259574
1823,0.0258728
1824,0.0257885
1825,0.0257045
1826,0.0256208
1827,0.0255373
1828,0.0254541
1829,0.0253712
1830,0.0252886
1831,0.0252062
1832,0.0251241
1833,0.0250422
1834,0.0249606
1835,0.0248793
1836,0.0247983
1837,0.0247175
1838,0.024637
1839,0.0245567
1840,0.0244767
1841,0.024397
1842,0.0243175
1843,0.0242383
1844,0.0241593
1845,0.0240806
1846,0.0240022
1847,0.023924
1848,0.0238461
1849,0.0237684
1850,0.023691
1851,0.0236138
1852,0.0235369
1853,0.0234602
1854,0.0233838
1855,0.0233076
1856,0.0232316
1857,0.023156
1858,0.0230805
1859,0.0230053
1860,0.0229304
1861,0.0228557
1862,0.0227813
1863,0.022707
1864,0.0226331
1865,0.0225593
1866,0.0224858
1867,0.0224126
1868,0.0223396
1869,0.0222668
1870,0.0221943
1871,0.022122
1872,0.0220499
1873,0.0219781
1874,0.0219065
1875,0.0218351
1876,0.021764
1877,0.0216931
1878,0.0216224
1879,0.021552
1880,0.0214818
1881,0.0214118
1882,0.021342
1883,0.0212725
1884,0.0212032
1885,0.0211341
1886,0.0210653
1887,0.0209967
1888,0.0209283
1889,0.0208601
1890,0.0207921
1891,0.0207244
1892,0.0206569
1893,0.0205896
1894,0.0205225
1895,0.0204557
1896,0.020389
1897,0.0203226
1898,0.0202564
1899,0.0201904
1900,0.0201247
1901,0.0200591
1902,0.0199938
1903,0.0199286
1904,0.0198637
1905,0.019799
1906,0.0197345
1907,0.0196702
1908,0.0196061
1909,0.0195423
1910,0.0194786
1911,0.0194151
1912,0.0193519
1913,0.0192889
1914,0.019226
1915,0.0191634
1916,0.019101
1917,0.0190387
1918,0.0189767
1919,0.0189149
1920,0.0188533
1921,0.0187919
1922,0.0187306
1923,0.0186696
1924,0.0186088
1925,0.0185482
1926,0.0184878
1927,0.0184275
1928,0.0183675
1929,0.0183077
1930,0.018248
1931,0.0181886
1932,0.0181293
1933,0.0180703
1934,0.0180114
1935,0.0179527
1936,0.0178943
1937,0.017836
1938,0.0177779
1939,0.0177199
1940,0.0176622
1941,0.0176047
1942,0.0175473
1943,0.0174902
1944,0.0174332
1945,0.0173764
1946,0.0173198
1947,0.0172634
1948,0.0172071
1949,0.0171511
1950,0.0170952
1951,0.0170395
1952,0.016984
1953,0.0169287
1954,0.0168735
1955,0.0168186
1956,0.0167638
1957,0.0167092
1958,0.0166547
1959,0.0166005
1960,0.0165464
1961,0.0164925
1962,0.0164388
1963,0.0163852
1964,0.0163318
1965,0.0162786
1966,0.0162256
1967,0.0161728
1968,0.0161201
1969,0.0160676
1970,0.0160152
1971,0.015963
1972,0.015911
1973,0.0158592
1974,0.0158075
1975,0.015756
1976,0.0157047
1977,0.0156536
1978,0.0156026
1979,0.0155517
1980,0.0155011
1981,0.0154506
1982,0.0154003
1983,0.0153501
1984,0.0153001
1985,0.0152502
1986,0.0152006
1987,0.015151
1988,0.0151017
1989,0.0150525
1990,0.0150034
1991,0.0149546
1992,0.0149059
1993,0.0148573
1994,0.0148089
1995,0.0147607
1996,0.0147126
1997,0.0146646
1998,0.0146169
1999,0.0145693
2000,0.0145218
2001,0.0144745
2002,0.0144273
2003,0.0143803
2004,0.0143335
2005,0.0142868
2006,0.0142403
2007,0.0141939
2008,0.0141476
2009,0.0141015
2010,0.0140556
2011,0.0140098
2012,0.0139642
2013,0.0139187
2014,0.0138733
2015,0.0138281
2016,0.0137831
2017,0.0137382
2018,0.0136934
2019,0.0136488
2020,0.0136044
2021,0.0135601
2022,0.0135159
2023,0.0134719
2024,0.013428
2025,0.0133842
2026,0.0133406
2027,0.0132972
2028,0.0132538
2029,0.0132107
2030,0.0131676
2031,0.0131247
2032,0.013082
2033,0.0130394
2034,0.0129969
2035,0.0129546
2036,0.0129124
2037,0.0128703
2038,0.0128284
2039,0.0127866
2040,0.0127449
2041,0.0127034
2042,0.012662
2043,0.0126208
2044,0.0125797
2045,0.0125387
2046,0.0124978
2047,0.0124571
2048,0.0124165
2049,0.0123761
2050,0.0123358
2051,0.0122956
2052,0.0122555
2053,0.0122156
2054,0.0121758
2055,0.0121361
2056,0.0120966
2057,0.0120572
2058,0.0120179
2059,0.0119788
2060,0.0119398
2061,0.0119009
2062,0.0118621
2063,0.0118234
2064,0.0117849
2065,0.0117465
2066,0.0117083
2067,0.0116701
2068,0.0116321
2069,0.0115942
2070,0.0115565
2071,0.0115188
2072,0.0114813
2073,0.0114439
2074,0.0114066
2075,0.0113694
2076,0.0113324
2077,0.0112955
2078,0.0112587
2079,0.011222
2080,0.0111855
2081,0.011149
2082,0.0111127
2083,0.0110765
2084,0.0110404
2085,0.0110044
2086,0.0109686
2087,0.0109329
2088,0.0108973
2089,0.0108618
2090,0.0108264
2091,0.0107911
2092,0.0107559
2093,0.0107209
2094,0.010686
2095,0.0106512
2096,0.0106165
2097,0.0105819
2098,0.0105474
2099,0.0105131
2100,0.0104788
2101,0.0104447
2102,0.0104107
2103,0.0103767
2104,0.0103429
2105,0.0103092
2106,0.0102757
2107,0.0102422
2108,0.0102088
2109,0.0101756
2110,0.0101424
2111,0.0101094
2112,0.0100764
2113,0.0100436
2114,0.0100109
2115,0.00997828
2116,0.00994578
2117,0.00991338
2118,0.00988108
2119,0.0098489
2120,0.00981681
2121,0.00978483
2122,0.00975296
2123,0.00972118
2124,0.00968952
2125,0.00965795
2126,0.00962649
2127,0.00959513
2128,0.00956387
2129,0.00953272
2130,0.00950166
2131,0.00947071
2132,0.00943986
2133,0.00940911
2134,0.00937845
2135,0.0093479
2136,0.00931745
2137,0.0092871
2138,0.00925684
2139,0.00922669
2140,0.00919663
2141,0.00916667
2142,0.00913681
2143,0.00910705
2144,0.00907738
2145,0.00904781
2146,0.00901833
2147,0.00898896
2148,0.00895967
2149,0.00893049
2150,0.00890139
2151,0.0088724
2152,0.00884349
2153,0.00881468
2154,0.00878597
2155,0.00875735
2156,0.00872882
2157,0.00870038
2158,0.00867204
2159,0.00864379
2160,0.00861563
2161,0.00858757
2162,0.00855959
2163,0.00853171
2164,0.00850391
2165,0.00847621
2166,0.0084486
2167,0.00842108
2168,0.00839364
2169,0.0083663
2170,0.00833905
2171,0.00831188
2172,0.0082848
2173,0.00825781
2174,0.00823091
2175,0.0082041
2176,0.00817737
2177,0.00815073
2178,0.00812418
2179,0.00809772
2180,0.00807134
2181,0.00804504
2182,0.00801884
2183,0.00799271
2184,0.00796668
2185,0.00794072
2186,0.00791486
2187,0.00788907
2188,0.00786337
2189,0.00783776
2190,0.00781222
2191,0.00778677
2192,0.00776141
2193,0.00773612
2194,0.00771092
2195,0.0076858
2196,0.00766077
2197,0.00763581
2198,0.00761094
2199,0.00758614
2200,0.00756143
2201,0.0075368
2202,0.00751224
2203,0.00748777
2204,0.00746338
2205,0.00743907
2206,0.00741483
2207,0.00739068
2208,0.0073666
2209,0.0073426
2210,0.00731868
2211,0.00729484
2212,0.00727108
2213,0.00724739
2214,0.00722378
2215,0.00720025
2216,0.00717679
2217,0.00715342
2218,0.00713011
2219,0.00710688
2220,0.00708373
2221,0.00706066
2222,0.00703766
2223,0.00701473
2224,0.00699188
2225,0.0069691
2226,0.0069464
2227,0.00692377
2228,0.00690121
2229,0.00687873
2230,0.00685632
2231,0.00683399
2232,0.00681173
2233,0.00678954
2234,0.00676742
2235,0.00674537
2236,0.0067234
2237,0.0067015
2238,0.00667967
2239,0.00665791
2240,0.00663622
2241,0.0066146
2242,0.00659305
2243,0.00657157
2244,0.00655016
2245,0.00652883
2246,0.00650756
2247,0.00648636
2248,0.00646523
2249,0.00644417
2250,0.00642317
2251,0.00640225
2252,0.00638139
2253,0.00636061
2254,0.00633989
2255,0.00631923
2256,0.00629865
2257,0.00627813
2258,0.00625768
2259,0.00623729
2260,0.00621697
2261,0.00619672
2262,0.00617653
2263,0.00615641
2264,0.00613636
2265,0.00611637
2266,0.00609644
2267,0.00607658
2268,0.00605679
2269,0.00603706
2270,0.00601739
2271,0.00599779
2272,0.00597825
2273,0.00595877
2274,0.00593936
2275,0.00592001
2276,0.00590073
2277,0.00588151
2278,0.00586235
2279,0.00584325
2280,0.00582421
2281,0.00580524
2282,0.00578633
2283,0.00576748
2284,0.00574869
2285,0.00572996
2286,0.0057113
2287,0.00569269
2288,0.00567415
2289,0.00565566
2290,0.00563724
2291,0.00561887
2292,0.00560057
2293,0.00558233
2294,0.00556414
2295,0.00554601
2296,0.00552795
2297,0.00550994
2298,0.00549199
2299,0.0054741
2300,0.00545627
2301,0.00543849
2302,0.00542078
2303,0.00540312
2304,0.00538552
2305,0.00536797
2306,0.00535048
2307,0.00533305
2308,0.00531568
2309,0.00529836
2310,0.0052811
2311,0.0052639
2312,0.00524675
2313,0.00522966
2314,0.00521262
2315,0.00519564
2316,0.00517872
2317,0.00516185
2318,0.00514503
2319,0.00512827
2320,0.00511157
2321,0.00509491
2322,0.00507832
2323,0.00506177
2324,0.00504528
2325,0.00502885
2326,0.00501247
2327,0.00499614
2328,0.00497986
2329,0.00496364
2330,0.00494747
2331,0.00493135
2332,0.00491529
2333,0.00489928
2334,0.00488332
2335,0.00486741
2336,0.00485155
2337,0.00483575
2338,0.00481999
2339,0.00480429
2340,0.00478864
2341,0.00477304
2342,0.00475749
2343,0.00474199
2344,0.00472655
2345,0.00471115
2346,0.0046958
2347,0.00468051
2348,0.00466526
2349,0.00465006
2350,0.00463491
2351,0.00461981
2352,0.00460476
2353,0.00458976
2354,0.00457481
2355,0.00455991
2356,0.00454505
2357,0.00453025
2358,0.00451549
2359,0.00450078
2360,0.00448612
2361,0.0044715
2362,0.00445694
2363,0.00444242
2364,0.00442795
2365,0.00441352
2366,0.00439914
2367,0.00438481
2368,0.00437053
2369,0.00435629
2370,0.0043421
2371,0.00432796
2372,0.00431386
2373,0.0042998
2374,0.0042858
2375,0.00427183
2376,0.00425792
2377,0.00424405
2378,0.00423022
2379,0.00421644
2380,0.00420271
2381,0.00418901
2382,0.00417537
2383,0.00416177
2384,0.00414821
2385,0.0041347
2386,0.00412123
2387,0.0041078
2388,0.00409442
2389,0.00408108
2390,0.00406779
2391,0.00405454
2392,0.00404133
2393,0.00402816
2394,0.00401504
2395,0.00400196
2396,0.00398892
2397,0.00397593
2398,0.00396298
2399,0.00395007
2400,0.0039372
2401,0.00392437
2402,0.00391159
2403,0.00389885
2404,0.00388615
2405,0.00387349
2406,0.00386087
2407,0.00384829
2408,0.00383575
2409,0.00382326
2410,0.0038108
2411,0.00379839
2412,0.00378602
2413,0.00377368
2414,0.00376139
2415,0.00374914
2416,0.00373692
2417,0.00372475
2418,0.00371261
2419,0.00370052
2420,0.00368847
2421,0.00367645
2422,0.00366447
2423,0.00365254
2424,0.00364064
2425,0.00362878
2426,0.00361696
2427,0.00360517
2428,0.00359343
2429,0.00358172
2430,0.00357005
2431,0.00355842
2432,0.00354683
2433,0.00353528
2434,0.00352376
2435,0.00351228
2436,0.00350084
2437,0.00348944
2438,0.00347807
2439,0.00346674
2440,0.00345545
2441,0.00344419
2442,0.00343297
2443,0.00342179
2444,0.00341064
2445,0.00339953
2446,0.00338845
2447,0.00337742
2448,0.00336641
2449,0.00335545
2450,0.00334452
2451,0.00333362
2452,0.00332276
2453,0.00331194
2454,0.00330115
2455,0.00329039
2456,0.00327967
2457,0.00326899
2458,0.00325834
2459,0.00324773
2460,0.00323715
2461,0.0032266
2462,0.00321609
2463,0.00320561
2464,0.00319517
2465,0.00318476
2466,0.00317439
2467,0.00316405
2468,0.00315374
2469,0.00314347
2470,0.00313322
2471,0.00312302
2472,0.00311284
2473,0.0031027
2474,0.0030926
2475,0.00308252
2476,0.00307248
2477,0.00306247
2478,0.00305249
2479,0.00304255
2480,0.00303264
2481,0.00302276
2482,0.00301291
2483,0.0030031
2484,0.00299331
2485,0.00298356
2486,0.00297384
2487,0.00296416
2488,0.0029545
2489,0.00294488
2490,0.00293528
2491,0.00292572
2492,0.00291619
2493,0.00290669
2494,0.00289722
2495,0.00288778
2496,0.00287838
2497,0.002869
2498,0.00285965
2499,0.00285034
2500,0.00284105
2501,0.0028318
2502,0.00282257
2503,0.00281338
2504,0.00280421
2505,0.00279508
2506,0.00278597
2507,0.0027769
2508,0.00276785
2509,0.00275883
2510,0.00274985
2511,0.00274089
2512,0.00273196
2513,0.00272306
2514,0.00271419
2515,0.00270535
2516,0.00269653
2517,0.00268775
2518,0.00267899
2519,0.00267027
2520,0.00266157
2521,0.0026529
2522,0.00264425
2523,0.00263564
2524,0.00262705
2525,0.0026185
2526,0.00260997
2527,0.00260146
2528,0.00259299
2529,0.00258454
2530,0.00257612
2531,0.00256773
2532,0.00255937
2533,0.00255103
2534,0.00254272
2535,0.00253444
2536,0.00252618
2537,0.00251795
2538,0.00250975
2539,0.00250157
2540,0.00249342
2541,0.0024853
2542,0.0024772
2543,0.00246913
2544,0.00246109
2545,0.00245307
2546,0.00244508
2547,0.00243712
2548,0.00242918
2549,0.00242126
2550,0.00241338
2551,0.00240551
2552,0.00239768
2553,0.00238987
2554,0.00238208
2555,0.00237432
2556,0.00236659
2557,0.00235888
2558,0.00235119
2559,0.00234353
2560,0.0023359
2561,0.00232829
2562,0.00232071
2563,0.00231315
2564,0.00230561
2565,0.0022981
2566,0.00229061
2567,0.00228315
2568,0.00227571
2569,0.0022683
2570,0.00226091
2571,0.00225354
2572,0.0022462
2573,0.00223889
2574,0.00223159
2575,0.00222432
2576,0.00221708
2577,0.00220985
2578,0.00220266
2579,0.00219548
2580,0.00218833
2581,0.0021812
2582,0.00217409
2583,0.00216701
2584,0.00215995
2585,0.00215292
2586,0.0021459
2587,0.00213891
2588,0.00213194
2589,0.002125
2590,0.00211808
2591,0.00211118
2592,0.0021043
2593,0.00209744
2594,0.00209061
2595,0.0020838
2596,0.00207701
2597,0.00207025
2598,0.0020635
2599,0.00205678
2600,0.00205008
2601,0.0020434
2602,0.00203674
2603,0.00203011
2604,0.0020235
2605,0.0020169
2606,0.00201033
2607,0.00200379
2608,0.00199726
2609,0.00199075
2610,0.00198427
2611,0.0019778
2612,0.00197136
2613,0.00196494
2614,0.00195854
2615,0.00195216
2616,0.0019458
2617,0.00193946
2618,0.00193314
2619,0.00192684
2620,0.00192057
2621,0.00191431
2622,0.00190807
2623,0.00190186
2624,0.00189566
2625,0.00188949
2626,0.00188333
2627,0.0018772
2628,0.00187108
2629,0.00186499
2630,0.00185891
2631,0.00185285
2632,0.00184682
2633,0.0018408
2634,0.00183481
2635,0.00182883
2636,0.00182287
2637,0.00181693
2638,0.00181101
2639,0.00180511
2640,0.00179923
2641,0.00179337
2642,0.00178753
2643,0.00178171
2644,0.0017759
2645,0.00177012
2646,0.00176435
2647,0.0017586
2648,0.00175287
2649,0.00174716
2650,0.00174147
2651,0.0017358
2652,0.00173015
2653,0.00172451
2654,0.00171889
2655,0.00171329
2656,0.00170771
2657,0.00170215
2658,0.0016966
2659,0.00169108
2660,0.00168557
2661,0.00168008
2662,0.0016746
2663,0.00166915
2664,0.00166371
2665,0.00165829
2666,0.00165289
2667,0.0016475
2668,0.00164214
2669,0.00163679
2670,0.00163145
2671,0.00162614
2672,0.00162084
2673,0.00161556
2674,0.0016103
2675,0.00160505
2676,0.00159983
2677,0.00159461
2678,0.00158942
2679,0.00158424
2680,0.00157908
2681,0.00157394
2682,0.00156881
2683,0.0015637
2684,0.0015586
2685,0.00155353
2686,0.00154847
2687,0.00154342
2688,0.00153839
2689,0.00153338
2690,0.00152839
2691,0.00152341
2692,0.00151845
2693,0.0015135
2694,0.00150857
2695,0.00150365
2696,0.00149876
2697,0.00149387
2698,0.00148901
2699,0.00148416
2700,0.00147932
2701,0.0014745
2702,0.0014697
2703,0.00146491
2704,0.00146014
2705,0.00145538
2706,0.00145064
2707,0.00144592
2708,0.00144121
2709,0.00143651
2710,0.00143183
2711,0.00142717
2712,0.00142252
2713,0.00141788
2714,0.00141326
2715,0.00140866
2716,0.00140407
2717,0.0013995
2718,0.00139494
2719,0.00139039
2720,0.00138586
2721,0.00138135
2722,0.00137685
2723,0.00137237
2724,0.00136789
2725,0.00136344
2726,0.001359
2727,0.00135457
2728,0.00135016
2729,0.00134576
2730,0.00134137
2731,0.001337
2732,0.00133265
2733,0.00132831
2734,0.00132398
2735,0.00131967
2736,0.00131537
2737,0.00131108
2738,0.00130681
2739,0.00130256
2740,0.00129831
2741,0.00129408
2742,0.00128987
2743,0.00128567
2744,0.00128148
2745,0.0012773
2746,0.00127314
2747,0.00126899
2748,0.00126486
2749,0.00126074
2750,0.00125663
2751,0.00125254
2752,0.00124846
2753,0.00124439
2754,0.00124034
2755,0.0012363
2756,0.00123227
2757,0.00122826
2758,0.00122425
2759,0.00122027
2760,0.00121629
2761,0.00121233
2762,0.00120838
2763,0.00120444
2764,0.00120052
2765,0.00119661
2766,0.00119271
2767,0.00118883
2768,0.00118495
2769,0.00118109
2770,0.00117724
2771,0.00117341
2772,0.00116959
2773,0.00116578
2774,0.00116198
2775,0.00115819
2776,0.00115442
2777,0.00115066
2778,0.00114691
2779,0.00114318
2780,0.00113945
2781,0.00113574
2782,0.00113204
2783,0.00112835
2784,0.00112468
2785,0.00112101
2786,0.00111736
2787,0.00111372
2788,0.00111009
2789,0.00110648
2790,0.00110287
2791,0.00109928
2792,0.0010957
2793,0.00109213
2794,0.00108857
2795,0.00108502
2796,0.00108149
2797,0.00107797
2798,0.00107446
2799,0.00107096
2800,0.00106747
2801,0.00106399
2802,0.00106052
2803,0.00105707
2804,0.00105362
2805,0.00105019
2806,0.00104677
2807,0.00104336
2808,0.00103996
2809,0.00103657
2810,0.0010332
2811,0.00102983
2812,0.00102648
2813,0.00102313
2814,0.0010198
2815,0.00101648
2816,0.00101317
2817,0.00100987
2818,0.00100658
2819,0.0010033
2820,0.00100003
2821,0.000996771
2822,0.000993524
2823,0.000990288
2824,0.000987062
2825,0.000983846
2826,0.000980641
2827,0.000977447
2828,0.000974262
2829,0.000971089
2830,0.000967925
2831,0.000964772
2832,0.000961629
2833,0.000958497
2834,0.000955374
2835,0.000952262
2836,0.00094916
2837,0.000946068
2838,0.000942986
2839,0.000939914
2840,0.000936852
2841,0.0009338
2842,0.000930758
2843,0.000927726
2844,0.000924704
2845,0.000921691
2846,0.000918689
2847,0.000915696
2848,0.000912713
2849,0.00090974
2850,0.000906776
2851,0.000903822
2852,0.000900878
2853,0.000897943
2854,0.000895018
2855,0.000892102
2856,0.000889196
2857,0.0008863
2858,0.000883412
2859,0.000880535
2860,0.000877666
2861,0.000874807
2862,0.000871957
2863,0.000869117
2864,0.000866285
2865,0.000863463
2866,0.000860651
2867,0.000857847
2868,0.000855052
2869,0.000852267
2870,0.00084949
2871,0.000846723
2872,0.000843965
2873,0.000841215
2874,0.000838475
2875,0.000835744
2876,0.000833021
2877,0.000830307
2878,0.000827603
2879,0.000824907
2880,0.000822219
2881,0.000819541
2882,0.000816871
2883,0.00081421
2884,0.000811558
2885,0.000808914
2886,0.000806279
2887,0.000803652
2888,0.000801034
2889,0.000798425
2890,0.000795824
2891,0.000793231
2892,0.000790647
2893,0.000788071
2894,0.000785504
2895,0.000782945
2896,0.000780395
2897,0.000777853
2898,0.000775319
2899,0.000772793
2900,0.000770275
2901,0.000767766
2902,0.000765265
2903,0.000762772
2904,0.000760287
2905,0.00075781
2906,0.000755342
2907,0.000752881
2908,0.000750429
2909,0.000747984
2910,0.000745547
2911,0.000743119
2912,0.000740698
2913,0.000738285
2914,0.00073588
2915,0.000733483
2916,0.000731093
2917,0.000728711
2918,0.000726338
2919,0.000723971
2920,0.000721613
2921,0.000719262
2922,0.000716919
2923,0.000714584
2924,0.000712256
2925,0.000709936
2926,0.000707623
2927,0.000705318
2928,0.00070302
2929,0.00070073
2930,0.000698447
2931,0.000696172
2932,0.000693904
2933,0.000691643
2934,0.00068939
2935,0.000687145
2936,0.000684906
2937,0.000682675
2938,0.000680451
2939,0.000678234
2940,0.000676025
2941,0.000673823
2942,0.000671628
2943,0.00066944
2944,0.000667259
2945,0.000665085
2946,0.000662919
2947,0.000660759
2948,0.000658607
2949,0.000656461
2950,0.000654323
2951,0.000652191
2952,0.000650066
2953,0.000647949
2954,0.000645838
2955,0.000643734
2956,0.000641637
2957,0.000639547
2958,0.000637463
2959,0.000635387
2960,0.000633317
2961,0.000631254
2962,0.000629197
2963,0.000627148
2964,0.000625105
2965,0.000623068
2966,0.000621039
2967,0.000619015
2968,0.000616999
2969,0.000614989
2970,0.000612986
2971,0.000610989
2972,0.000608998
2973,0.000607014
2974,0.000605037
2975,0.000603066
2976,0.000601101
2977,0.000599143
2978,0.000597191
2979,0.000595246
2980,0.000593307
2981,0.000591374
2982,0.000589448
2983,0.000587527
2984,0.000585613
2985,0.000583706
2986,0.000581804
2987,0.000579909
2988,0.00057802
2989,0.000576137
2990,0.00057426
2991,0.000572389
2992,0.000570525
2993,0.000568666
2994,0.000566814
2995,0.000564967
2996,0.000563127
2997,0.000561292
2998,0.000559464
2999,0.000557641
3000,0.000555825
3001,0.000554014
3002,0.000552209
3003,0.00055041
3004,0.000548617
3005,0.00054683
3006,0.000545049
3007,0.000543273
3008,0.000541503
3009,0.000539739
3010,0.000537981
3011,0.000536228
3012,0.000534482
3013,0.00053274
3014,0.000531005
3015,0.000529275
3016,0.000527551
3017,0.000525832
3018,0.000524119
3019,0.000522412
3020,0.00052071
3021,0.000519014
3022,0.000517323
3023,0.000515638
3024,0.000513958
3025,0.000512284
3026,0.000510615
3027,0.000508952
3028,0.000507294
3029,0.000505641
3030,0.000503994
3031,0.000502352
3032,0.000500716
3033,0.000499084
3034,0.000497459
3035,0.000495838
3036,0.000494223
3037,0.000492613
3038,0.000491008
3039,0.000489409
3040,0.000487814
3041,0.000486225
3042,0.000484641
3043,0.000483062
3044,0.000481489
3045,0.00047992
3046,0.000478357
3047,0.000476798
3048,0.000475245
3049,0.000473697
3050,0.000472154
3051,0.000470616
3052,0.000469083
3053,0.000467555
3054,0.000466032
3055,0.000464513
3056,0.000463
3057,0.000461492
3058,0.000459988
3059,0.00045849
3060,0.000456996
3061,0.000455508
3062,0.000454024
3063,0.000452545
3064,0.000451071
3065,0.000449601
3066,0.000448136
3067,0.000446677
3068,0.000445221
3069,0.000443771
3070,0.000442325
3071,0.000440885
3072,0.000439448
3073,0.000438017
3074,0.00043659
3075,0.000435168
3076,0.00043375
3077,0.000432337
3078,0.000430929
3079,0.000429525
3080,0.000428126
3081,0.000426731
3082,0.000425341
3083,0.000423955
3084,0.000422574
3085,0.000421197
3086,0.000419825
3087,0.000418458
3088,0.000417095
3089,0.000415736
3090,0.000414381
3091,0.000413032
3092,0.000411686
3093,0.000410345
3094,0.000409008
3095,0.000407676
3096,0.000406348
3097,0.000405024
3098,0.000403705
3099,0.000402389
3100,0.000401079
3101,0.000399772
3102,0.00039847
3103,0.000397172
3104,0.000395878
3105,0.000394588
3106,0.000393303
3107,0.000392022
3108,0.000390744
3109,0.000389472
3110,0.000388203
3111,0.000386938
3112,0.000385678
3113,0.000384421
3114,0.000383169
3115,0.000381921
3116,0.000380677
3117,0.000379436
3118,0.0003782
3119,0.000376968
3120,0.00037574
3121,0.000374516
3122,0.000373296
3123,0.00037208
3124,0.000370868
3125,0.00036966
3126,0.000368456
3127,0.000367255
3128,0.000366059
3129,0.000364867
3130,0.000363678
3131,0.000362493
3132,0.000361312
3133,0.000360135
3134,0.000358962
3135,0.000357793
3136,0.000356627
3137,0.000355465
3138,0.000354307
3139,0.000353153
3140,0.000352003
3141,0.000350856
3142,0.000349713
3143,0.000348574
3144,0.000347438
3145,0.000346307
3146,0.000345178
3147,0.000344054
3148,0.000342933
3149,0.000341816
3150,0.000340703
3151,0.000339593
3152,0.000338486
3153,0.000337384
3154,0.000336285
3155,0.000335189
3156,0.000334097
3157,0.000333009
3158,0.000331924
3159,0.000330843
3160,0.000329765
3161,0.000328691
3162,0.00032762
3163,0.000326553
3164,0.000325489
3165,0.000324429
3166,0.000323372
3167,0.000322318
3168,0.000321268
3169,0.000320222
3170,0.000319179
3171,0.000318139
3172,0.000317102
3173,0.000316069
3174,0.00031504
3175,0.000314013
3176,0.000312991
3177,0.000311971
3178,0.000310955
3179,0.000309942
3180,0.000308932
3181,0.000307926
3182,0.000306922
3183,0.000305923
3184,0.000304926
3185,0.000303933
3186,0.000302943
3187,0.000301956
3188,0.000300972
3189,0.000299992
3190,0.000299014
3191,0.00029804
3192,0.000297069
3193,0.000296102
3194,0.000295137
3195,0.000294176
3196,0.000293217
3197,0.000292262
3198,0.00029131
3199,0.000290361
3200,0.000289415
3201,0.000288472
3202,0.000287533
3203,0.000286596
3204,0.000285662
3205,0.000284732
3206,0.000283804
3207,0.00028288
3208,0.000281958
3209,0.00028104
3210,0.000280124
3211,0.000279211
3212,0.000278302
3213,0.000277395
3214,0.000276492
3215,0.000275591
3216,0.000274693
3217,0.000273798
3218,0.000272906
3219,0.000272017
3220,0.000271131
3221,0.000270248
3222,0.000269368
3223,0.00026849
3224,0.000267615
3225,0.000266744
3226,0.000265875
3227,0.000265009
3228,0.000264145
3229,0.000263285
3230,0.000262427
3231,0.000261572
3232,0.00026072
3233,0.000259871
3234,0.000259024
3235,0.00025818
3236,0.000257339
3237,0.000256501
3238,0.000255665
3239,0.000254833
3240,0.000254002
3241,0.000253175
3242,0.00025235
3243,0.000251528
3244,0.000250709
3245,0.000249892
3246,0.000249078
3247,0.000248267
3248,0.000247458
3249,0.000246652
3250,0.000245848
3251,0.000245047
3252,0.000244249
3253,0.000243453
3254,0.00024266
3255,0.00024187
3256,0.000241082
3257,0.000240297
3258,0.000239514
3259,0.000238733
3260,0.000237956
3261,0.000237181
3262,0.000236408
3263,0.000235638
3264,0.00023487
3265,0.000234105
3266,0.000233342
3267,0.000232582
3268,0.000231825
3269,0.000231069
3270,0.000230317
3271,0.000229566
3272,0.000228819
3273,0.000228073
3274,0.00022733
3275,0.00022659
3276,0.000225851
3277,0.000225116
3278,0.000224382
3279,0.000223651
3280,0.000222923
3281,0.000222197
3282,0.000221473
3283,0.000220751
3284,0.000220032
3285,0.000219315
3286,0.000218601
3287,0.000217889
3288,0.000217179
3289,0.000216472
3290,0.000215766
3291,0.000215063
3292,0.000214363
3293,0.000213665
3294,0.000212969
3295,0.000212275
3296,0.000211583
3297,0.000210894
3298,0.000210207
3299,0.000209522
3300,0.00020884
3301,0.000208159
3302,0.000207481
3303,0.000206805
3304,0.000206132
3305,0.00020546
3306,0.000204791
3307,0.000204124
3308,0.000203459
3309,0.000202796
3310,0.000202135
3311,0.000201477
3312,0.00020082
3313,0.000200166
3314,0.000199514
3315,0.000198864
3316,0.000198216
3317,0.000197571
3318,0.000196927
3319,0.000196286
3320,0.000195646
3321,0.000195009
3322,0.000194374
3323,0.00019374
3324,0.000193109
3325,0.00019248
3326,0.000191853
3327,0.000191228
3328,0.000190605
3329,0.000189984
3330,0.000189365
3331,0.000188748
3332,0.000188134
3333,0.000187521
3334,0.00018691
3335,0.000186301
3336,0.000185694
3337,0.000185089
3338,0.000184486
3339,0.000183885
3340,0.000183286
3341,0.000182689
3342,0.000182094
3343,0.000181501
3344,0.000180909
3345,0.00018032
3346,0.000179733
3347,0.000179147
3348,0.000178564
3349,0.000177982
3350,0.000177402
3351,0.000176824
3352,0.000176248
3353,0.000175674
3354,0.000175102
3355,0.000174531
3356,0.000173963
3357,0.000173396
3358,0.000172831
3359,0.000172268
3360,0.000171707
3361,0.000171148
3362,0.00017059
3363,0.000170034
3364,0.00016948
3365,0.000168928
3366,0.000168378
3367,0.00016783
3368,0.000167283
3369,0.000166738
3370,0.000166195
3371,0.000165653
3372,0.000165114
3373,0.000164576
3374,0.00016404
3375,0.000163505
3376,0.000162973
3377,0.000162442
3378,0.000161913
3379,0.000161385
3380,0.000160859
3381,0.000160335
3382,0.000159813
3383,0.000159292
3384,0.000158773
3385,0.000158256
3386,0.000157741
3387,0.000157227
3388,0.000156715
3389,0.000156204
3390,0.000155695
3391,0.000155188
3392,0.000154683
3393,0.000154179
3394,0.000153676
3395,0.000153176
3396,0.000152677
3397,0.000152179
3398,0.000151684
3399,0.00015119
3400,0.000150697
3401,0.000150206
3402,0.000149717
3403,0.000149229
3404,0.000148743
3405,0.000148258
3406,0.000147775
3407,0.000147294
3408,0.000146814
3409,0.000146336
3410,0.000145859
3411,0.000145384
3412,0.00014491
3413,0.000144438
3414,0.000143968
3415,0.000143499
3416,0.000143031
3417,0.000142565
3418,0.000142101
3419,0.000141638
3420,0.000141177
3421,0.000140717
3422,0.000140258
3423,0.000139801
3424,0.000139346
3425,0.000138892
3426,0.00013844
3427,0.000137989
3428,0.000137539
3429,0.000137091
3430,0.000136645
3431,0.000136199
3432,0.000135756
3433,0.000135313
3434,0.000134873
3435,0.000134433
3436,0.000133995
3437,0.000133559
3438,0.000133124
3439,0.00013269
3440,0.000132258
3441,0.000131827
3442,0.000131398
3443,0.000130969
3444,0.000130543
3445,0.000130118
3446,0.000129694
3447,0.000129271
3448,0.00012885
3449,0.00012843
3450,0.000128012
3451,0.000127595
3452,0.000127179
3453,0.000126765
3454,0.000126352
3455,0.00012594
3456,0.00012553
3457,0.000125121
3458,0.000124714
3459,0.000124307
3460,0.000123902
3461,0.000123499
3462,0.000123096
3463,0.000122695
3464,0.000122296
3465,0.000121897
3466,0.0001215
3467,0.000121104
3468,0.00012071
3469,0.000120317
3470,0.000119925
3471,0.000119534
3472,0.000119145
3473,0.000118757
3474,0.00011837
3475,0.000117984
3476,0.0001176
3477,0.000117217
3478,0.000116835
3479,0.000116454
3480,0.000116075
3481,0.000115697
3482,0.00011532
3483,0.000114944
3484,0.00011457
3485,0.000114196
3486,0.000113824
3487,0.000113454
3488,0.000113084
3489,0.000112716
3490,0.000112348
3491,0.000111982
3492,0.000111618
3493,0.000111254
3494,0.000110892
3495,0.00011053
3496,0.00011017
3497,0.000109811
3498,0.000109454
3499,0.000109097
3500,0.000108742
3501,0.000108388
3502,0.000108034
3503,0.000107683
3504,0.000107332
3505,0.000106982
3506,0.000106634
3507,0.000106286
3508,0.00010594
3509,0.000105595
3510,0.000105251
3511,0.000104908
3512,0.000104566
3513,0.000104226
3514,0.000103886
3515,0.000103548
3516,0.00010321
3517,0.000102874
3518,0.000102539
3519,0.000102205
3520,0.000101872
3521,0.00010154
3522,0.000101209
3523,0.00010088
3524,0.000100551
3525,0.000100223
3526,9.9897e-05
3527,9.95715e-05
3528,9.92472e-05
3529,9.89238e-05
3530,9.86016e-05
3531,9.82804e-05
3532,9.79602e-05
3533,9.76411e-05
3534,9.7323e-05
3535,9.7006e-05
3536,9.669e-05
3537,9.6375e-05
3538,9.6061e-05
3539,9.57481e-05
3540,9.54362e-05
3541,9.51253e-05
3542,9.48154e-05
3543,9.45065e-05
3544,9.41987e-05
3545,9.38918e-05
3546,9.35859e-05
3547,9.32811e-05
3548,9.29772e-05
3549,9.26743e-05
3550,9.23724e-05
3551,9.20715e-05
3552,9.17716e-05
3553,9.14726e-05
3554,9.11746e-05
3555,9.08776e-05
3556,9.05816e-05
3557,9.02865e-05
3558,8.99924e-05
3559,8.96992e-05
3560,8.9407e-05
3561,8.91157e-05
3562,8.88254e-05
3563,8.85361e-05
3564,8.82476e-05
3565,8.79602e-05
3566,8.76736e-05
3567,8.7388e-05
3568,8.71033e-05
3569,8.68196e-05
3570,8.65368e-05
3571,8.62549e-05
3572,8.59739e-05
3573,8.56938e-05
3574,8.54146e-05
3575,8.51364e-05
3576,8.4859e-05
3577,8.45826e-05
3578,8.43071e-05
3579,8.40324e-05
3580,8.37587e-05
3581,8.34858e-05
3582,8.32139e-05
3583,8.29428e-05
3584,8.26726e-05
3585,8.24033e-05
3586,8.21348e-05
3587,8.18673e-05
3588,8.16006e-05
3589,8.13347e-05
3590,8.10698e-05
3591,8.08057e-05
3592,8.05424e-05
3593,8.02801e-05
3594,8.00185e-05
3595,7.97579e-05
3596,7.9498e-05
3597,7.92391e-05
3598,7.89809e-05
3599,7.87236e-05
3600,7.84672e-05
3601,7.82116e-05
3602,7.79568e-05
3603,7.77028e-05
3604,7.74497e-05
3605,7.71974e-05
3606,7.69459e-05
3607,7.66953e-05
3608,7.64454e-05
3609,7.61964e-05
3610,7.59482e-05
3611,7.57008e-05
3612,7.54542e-05
3613,7.52083e-05
3614,7.49633e-05
3615,7.47191e-05
3616,7.44757e-05
3617,7.42331e-05
3618,7.39913e-05
3619,7.37503e-05
3620,7.351e-05
3621,7.32705e-05
3622,7.30319e-05
3623,7.27939e-05
3624,7.25568e-05
3625,7.23204e-05
3626,7.20848e-05
3627,7.185e-05
3628,7.1616e-05
3629,7.13827e-05
3630,7.11501e-05
3631,7.09183e-05
3632,7.06873e-05
3633,7.0457e-05
3634,7.02275e-05
3635,6.99987e-05
3636,6.97707e-05
3637,6.95434e-05
3638,6.93169e-05
3639,6.90911e-05
3640,6.8866e-05
3641,6.86417e-05
3642,6.8418e-05
3643,6.81952e-05
3644,6.7973e-05
3645,6.77516e-05
3646,6.75309e-05
3647,6.73109e-05
3648,6.70916e-05
3649,6.6873e-05
3650,6.66552e-05
3651,6.64381e-05
3652,6.62216e-05
3653,6.60059e-05
3654,6.57909e-05
3655,6.55766e-05
3656,6.53629e-05
3657,6.515e-05
3658,6.49378e-05
3659,6.47262e-05
3660,6.45154e-05
3661,6.43052e-05
3662,6.40957e-05
3663,6.38869e-05
3664,6.36788e-05
3665,6.34714e-05
3666,6.32646e-05
3667,6.30585e-05
3668,6.28531e-05
3669,6.26483e-05
3670,6.24442e-05
3671,6.22408e-05
3672,6.20381e-05
3673,6.1836e-05
3674,6.16345e-05
3675,6.14337e-05
3676,6.12336e-05
3677,6.10341e-05
3678,6.08353e-05
3679,6.06371e-05
3680,6.04396e-05
3681,6.02427e-05
3682,6.00465e-05
3683,5.98508e-05
3684,5.96559e-05
3685,5.94615e-05
3686,5.92678e-05
3687,5.90748e-05
3688,5.88823e-05
3689,5.86905e-05
3690,5.84993e-05
3691,5.83087e-05
3692,5.81188e-05
3693,5.79295e-05
3694,5.77407e-05
3695,5.75526e-05
3696,5.73652e-05
3697,5.71783e-05
3698,5.6992e-05
3699,5.68064e-05
3700,5.66213e-05
3701,5.64369e-05
3702,5.6253e-05
3703,5.60697e-05
3704,5.58871e-05
3705,5.5705e-05
3706,5.55236e-05
3707,5.53427e-05
3708,5.51624e-05
3709,5.49827e-05
3710,5.48036e-05
3711,5.46251e-05
3712,5.44471e-05
3713,5.42697e-05
3714,5.4093e-05
3715,5.39167e-05
3716,5.37411e-05
3717,5.3566e-05
3718,5.33915e-05
3719,5.32176e-05
3720,5.30442e-05
3721,5.28714e-05
3722,5.26992e-05
3723,5.25275e-05
3724,5.23564e-05
3725,5.21859e-05
3726,5.20159e-05
3727,5.18464e-05
3728,5.16775e-05
3729,5.15092e-05
3730,5.13414e-05
3731,5.11741e-05
3732,5.10074e-05
3733,5.08412e-05
3734,5.06756e-05
3735,5.05105e-05
3736,5.0346e-05
3737,5.0182e-05
3738,5.00185e-05
3739,4.98556e-05
3740,4.96932e-05
3741,4.95313e-05
3742,4.93699e-05
3743,4.92091e-05
3744,4.90488e-05
3745,4.8889e-05
3746,4.87297e-05
3747,4.8571e-05
3748,4.84128e-05
3749,4.82551e-05
3750,4.80979e-05
3751,4.79412e-05
3752,4.7785e-05
3753,4.76293e-05
3754,4.74742e-05
3755,4.73195e-05
3756,4.71654e-05
3757,4.70117e-05
3758,4.68586e-05
3759,4.67059e-05
3760,4.65538e-05
3761,4.64021e-05
3762,4.6251e-05
3763,4.61003e-05
3764,4.59501e-05
3765,4.58004e-05
3766,4.56512e-05
3767,4.55025e-05
3768,4.53543e-05
3769,4.52065e-05
3770,4.50593e-05
3771,4.49125e-05
3772,4.47662e-05
3773,4.46203e-05
3774,4.4475e-05
3775,4.43301e-05
3776,4.41857e-05
3777,4.40417e-05
3778,4.38983e-05
3779,4.37553e-05
3780,4.36127e-05
3781,4.34707e-05
3782,4.3329e-05
3783,4.31879e-05
3784,4.30472e-05
3785,4.2907e-05
3786,4.27672e-05
3787,4.26279e-05
3788,4.2489e-05
3789,4.23506e-05
3790,4.22126e-05
3791,4.20751e-05
3792,4.19381e-05
3793,4.18014e-05
3794,4.16653e-05
3795,4.15295e-05
3796,4.13942e-05
3797,4.12594e-05
3798,4.1125e-05
3799,4.0991e-05
3800,4.08575e-05
3801,4.07244e-05
3802,4.05917e-05
3803,4.04595e-05
3804,4.03277e-05
3805,4.01963e-05
3806,4.00654e-05
3807,3.99348e-05
3808,3.98048e-05
3809,3.96751e-05
3810,3.95458e-05
3811,3.9417e-05
3812,3.92886e-05
3813,3.91606e-05
3814,3.9033e-05
3815,3.89059e-05
3816,3.87791e-05
3817,3.86528e-05
3818,3.85269e-05
3819,3.84014e-05
3820,3.82763e-05
3821,3.81516e-05
3822,3.80273e-05
3823,3.79034e-05
3824,3.778e-05
3825,3.76569e-05
3826,3.75342e-05
3827,3.7412e-05
3828,3.72901e-05
3829,3.71686e-05
3830,3.70475e-05
3831,3.69268e-05
3832,3.68065e-05
3833,3.66866e-05
3834,3.65671e-05
3835,3.6448e-05
3836,3.63293e-05
3837,3.62109e-05
3838,3.6093e-05
3839,3.59754e-05
3840,3.58582e-05
3841,3.57414e-05
3842,3.56249e-05
3843,3.55089e-05
3844,3.53932e-05
3845,3.52779e-05
3846,3.5163e-05
3847,3.50484e-05
3848,3.49343e-05
3849,3.48205e-05
3850,3.4707e-05
3851,3.4594e-05
3852,3.44813e-05
3853,3.43689e-05
3854,3.4257e-05
3855,3.41454e-05
3856,3.40342e-05
3857,3.39233e-05
3858,3.38128e-05
3859,3.37026e-05
3860,3.35928e-05
3861,3.34834e-05
3862,3.33743e-05
3863,3.32656e-05
3864,3.31572e-05
3865,3.30492e-05
3866,3.29416e-05
3867,3.28342e-05
3868,3.27273e-05
3869,3.26207e-05
3870,3.25144e-05
3871,3.24085e-05
3872,3.23029e-05
3873,3.21977e-05
3874,3.20928e-05
3875,3.19882e-05
3876,3.1884e-05
3877,3.17802e-05
3878,3.16766e-05
3879,3.15735e-05
3880,3.14706e-05
3881,3.13681e-05
3882,3.12659e-05
3883,3.1164e-05
3884,3.10625e-05
3885,3.09613e-05
3886,3.08605e-05
3887,3.07599e-05
3888,3.06597e-05
3889,3.05599e-05
3890,3.04603e-05
3891,3.03611e-05
3892,3.02622e-05
3893,3.01636e-05
3894,3.00653e-05
3895,2.99674e-05
3896,2.98698e-05
3897,2.97724e-05
3898,2.96755e-05
3899,2.95788e-05
3900,2.94824e-05
3901,2.93864e-05
3902,2.92907e-05
3903,2.91952e-05
3904,2.91001e-05
3905,2.90053e-05
3906,2.89108e-05
3907,2.88167e-05
3908,2.87228e-05
3909,2.86292e-05
3910,2.8536e-05
3911,2.8443e-05
3912,2.83503e-05
3913,2.8258e-05
3914,2.81659e-05
3915,2.80742e-05
3916,2.79827e-05
3917,2.78916e-05
3918,2.78007e-05
3919,2.77101e-05
3920,2.76199e-05
3921,2.75299e-05
3922,2.74402e-05
3923,2.73508e-05
3924,2.72617e-05
3925,2.71729e-05
3926,2.70844e-05
3927,2.69962e-05
3928,2.69082e-05
3929,2.68206e-05
3930,2.67332e-05
3931,2.66461e-05
3932,2.65593e-05
3933,2.64728e-05
3934,2.63865e-05
3935,2.63006e-05
3936,2.62149e-05
3937,2.61295e-05
3938,2.60444e-05
3939,2.59595e-05
3940,2.5875e-05
3941,2.57907e-05
3942,2.57067e-05
3943,2.56229e-05
3944,2.55395e-05
3945,2.54563e-05
3946,2.53733e-05
3947,2.52907e-05
3948,2.52083e-05
3949,2.51262e-05
3950,2.50443e-05
3951,2.49627e-05
3952,2.48814e-05
3953,2.48004e-05
3954,2.47196e-05
3955,2.4639e-05
3956,2.45588e-05
3957,2.44788e-05
3958,2.4399e-05
3959,2.43195e-05
3960,2.42403e-05
3961,2.41614e-05
3962,2.40826e-05
3963,2.40042e-05
3964,2.3926e-05
3965,2.38481e-05
3966,2.37704e-05
3967,2.36929e-05
3968,2.36157e-05
3969,2.35388e-05
3970,2.34621e-05
3971,2.33857e-05
3972,2.33095e-05
3973,2.32336e-05
3974,2.31579e-05
3975,2.30825e-05
3976,2.30073e-05
3977,2.29323e-05
3978,2.28576e-05
3979,2.27832e-05
3980,2.27089e-05
3981,2.2635e-05
3982,2.25612e-05
3983,2.24877e-05
3984,2.24145e-05
3985,2.23414e-05
3986,2.22687e-05
3987,2.21961e-05
3988,2.21238e-05
3989,2.20517e-05
3990,2.19799e-05
3991,2.19083e-05
3992,2.18369e-05
3993,2.17658e-05
3994,2.16949e-05
3995,2.16242e-05
3996,2.15538e-05
3997,2.14836e-05
3998,2.14136e-05
3999,2.13438e-05
4000,2.12743e-05
4001,2.1205e-05
4002,2.11359e-05
4003,2.10671e-05
4004,2.09984e-05
4005,2.093e-05
4006,2.08618e-05
4007,2.07939e-05
4008,2.07261e-05
4009,2.06586e-05
4010,2.05913e-05
4011,2.05242e-05
4012,2.04574e-05
4013,2.03907e-05
4014,2.03243e-05
4015,2.02581e-05
4016,2.01921e-05
4017,2.01263e-05
4018,2.00608e-05
4019,1.99954e-05
4020,1.99303e-05
4021,1.98654e-05
4022,1.98006e-05
4023,1.97361e-05
4024,1.96718e-05
4025,1.96078e-05
4026,1.95439e-05
4027,1.94802e-05
4028,1.94168e-05
4029,1.93535e-05
4030,1.92905e-05
4031,1.92276e-05
4032,1.9165e-05
4033,1.91025e-05
4034,1.90403e-05
4035,1.89783e-05
4036,1.89165e-05
4037,1.88548e-05
4038,1.87934e-05
4039,1.87322e-05
4040,1.86712e-05
4041,1.86104e-05
4042,1.85497e-05
4043,1.84893e-05
4044,1.84291e-05
4045,1.8369e-05
4046,1.83092e-05
4047,1.82496e-05
4048,1.81901e-05
4049,1.81308e-05
4050,1.80718e-05
4051,1.80129e-05
4052,1.79542e-05
4053,1.78957e-05
4054,1.78374e-05
4055,1.77793e-05
4056,1.77214e-05
4057,1.76637e-05
4058,1.76061e-05
4059,1.75488e-05
4060,1.74916e-05
4061,1.74346e-05
4062,1.73778e-05
4063,1.73212e-05
4064,1.72648e-05
4065,1.72086e-05
4066,1.71525e-05
4067,1.70966e-05
4068,1.70409e-05
4069,1.69854e-05
4070,1.69301e-05
4071,1.68749e-05
4072,1.682e-05
4073,1.67652e-05
4074,1.67106e-05
4075,1.66561e-05
4076,1.66019e-05
4077,1.65478e-05
4078,1.64939e-05
4079,1.64401e-05
4080,1.63866e-05
4081,1.63332e-05
4082,1.628e-05
4083,1.6227e-05
4084,1.61741e-05
4085,1.61214e-05
4086,1.60689e-05
4087,1.60165e-05
4088,1.59644e-05
4089,1.59124e-05
4090,1.58605e-05
4091,1.58089e-05
4092,1.57574e-05
4093,1.5706e-05
4094,1.56549e-05
4095,1.56039e-05
4096,1.5553e-05
4097,1.55024e-05
4098,1.54519e-05
4099,1.54015e-05
4100,1.53514e-05
4101,1.53013e-05
4102,1.52515e-05
4103,1.52018e-05
4104,1.51523e-05
4105,1.51029e-05
4106,1.50537e-05
4107,1.50047e-05
4108,1.49558e-05
4109,1.49071e-05
4110,1.48585e-05
4111,1.48101e-05
4112,1.47619e-05
4113,1.47138e-05
4114,1.46659e-05
4115,1.46181e-05
4116,1.45705e-05
4117,1.4523e-05
4118,1.44757e-05
4119,1.44285e-05
4120,1.43815e-05
4121,1.43347e-05
4122,1.4288e-05
4123,1.42414e-05
4124,1.4195e-05
4125,1.41488e-05
4126,1.41027e-05
4127,1.40568e-05
4128,1.4011e-05
4129,1.39653e-05
4130,1.39198e-05
4131,1.38745e-05
4132,1.38293e-05
4133,1.37842e-05
4134,1.37393e-05
4135,1.36946e-05
4136,1.365e-05
4137,1.36055e-05
4138,1.35612e-05
4139,1.3517e-05
4140,1.3473e-05
4141,1.34291e-05
4142,1.33853e-05
4143,1.33417e-05
4144,1.32983e-05
4145,1.32549e-05
4146,1.32118e-05
4147,1.31687e-05
4148,1.31258e-05
4149,1.30831e-05
4150,1.30405e-05
4151,1.2998e-05
4152,1.29556e-05
4153,1.29134e-05
4154,1.28714e-05
4155,1.28294e-05
4156,1.27876e-05
4157,1.2746e-05
4158,1.27045e-05
4159,1.26631e-05
4160,1.26218e-05
4161,1.25807e-05
4162,1.25397e-05
4163,1.24989e-05
4164,1.24581e-05
4165,1.24176e-05
4166,1.23771e-05
4167,1.23368e-05
4168,1.22966e-05
4169,1.22565e-05
4170,1.22166e-05
4171,1.21768e-05
4172,1.21372e-05
4173,1.20976e-05
4174,1.20582e-05
4175,1.20189e-05
4176,1.19798e-05
4177,1.19407e-05
4178,1.19018e-05
4179,1.18631e-05
4180,1.18244e-05
4181,1.17859e-05
4182,1.17475e-05
4183,1.17092e-05
4184,1.16711e-05
4185,1.16331e-05
4186,1.15952e-05
4187,1.15574e-05
4188,1.15198e-05
4189,1.14822e-05
4190,1.14448e-05
4191,1.14075e-05
4192,1.13704e-05
4193,1.13333e-05
4194,1.12964e-05
4195,1.12596e-05
4196,1.12229e-05
4197,1.11864e-05
4198,1.11499e-05
4199,1.11136e-05
4200,1.10774e-05
4201,1.10413e-05
4202,1.10054e-05
4203,1.09695e-05
4204,1.09338e-05
4205,1.08982e-05
4206,1.08627e-05
4207,1.08273e-05
4208,1.0792e-05
4209,1.07568e-05
4210,1.07218e-05
4211,1.06869e-05
4212,1.06521e-05
4213,1.06174e-05
4214,1.05828e-05
4215,1.05483e-05
4216,1.05139e-05
4217,1.04797e-05
4218,1.04455e-05
4219,1.04115e-05
4220,1.03776e-05
4221,1.03438e-05
4222,1.03101e-05
4223,1.02765e-05
4224,1.0243e-05
4225,1.02097e-05
4226,1.01764e-05
4227,1.01433e-05
4228,1.01102e-05
4229,1.00773e-05
4230,1.00444e-05
4231,1.00117e-05
4232,9.97911e-06
4233,9.9466e-06
4234,9.9142e-06
4235,9.8819e-06
4236,9.84971e-06
4237,9.81763e-06
4238,9.78564e-06
4239,9.75376e-06
4240,9.72199e-06
4241,9.69032e-06
4242,9.65875e-06
4243,9.62729e-06
4244,9.59593e-06
4245,9.56467e-06
4246,9.53351e-06
4247,9.50245e-06
4248,9.4715e-06
4249,9.44064e-06
4250,9.40989e-06
4251,9.37923e-06
4252,9.34868e-06
4253,9.31822e-06
4254,9.28787e-06
4255,9.25761e-06
4256,9.22745e-06
4257,9.19739e-06
4258,9.16743e-06
4259,9.13757e-06
4260,9.1078e-06
4261,9.07813e-06
4262,9.04856e-06
4263,9.01908e-06
4264,8.9897e-06
4265,8.96042e-06
4266,8.93123e-06
4267,8.90213e-06
4268,8.87313e-06
4269,8.84423e-06
4270,8.81541e-06
4271,8.7867e-06
4272,8.75807e-06
4273,8.72954e-06
4274,8.7011e-06
4275,8.67276e-06
4276,8.64451e-06
4277,8.61635e-06
4278,8.58828e-06
4279,8.5603e-06
4280,8.53241e-06
4281,8.50462e-06
4282,8.47691e-06
4283,8.4493e-06
4284,8.42177e-06
4285,8.39434e-06
4286,8.36699e-06
4287,8.33974e-06
4288,8.31257e-06
4289,8.28549e-06
4290,8.2585e-06
4291,8.23159e-06
4292,8.20478e-06
4293,8.17805e-06
4294,8.15141e-06
4295,8.12486e-06
4296,8.09839e-06
4297,8.07201e-06
4298,8.04571e-06
4299,8.0195e-06
4300,7.99338e-06
4301,7.96734e-06
4302,7.94138e-06
4303,7.91551e-06
4304,7.88973e-06
4305,7.86402e-06
4306,7.83841e-06
4307,7.81287e-06
4308,7.78742e-06
4309,7.76205e-06
4310,7.73677e-06
4311,7.71156e-06
4312,7.68644e-06
4313,7.6614e-06
4314,7.63644e-06
4315,7.61157e-06
4316,7.58677e-06
4317,7.56206e-06
4318,7.53742e-06
4319,7.51287e-06
4320,7.48839e-06
4321,7.464e-06
4322,7.43968e-06
4323,7.41545e-06
4324,7.39129e-06
4325,7.36721e-06
4326,7.34321e-06
4327,7.31929e-06
4328,7.29545e-06
4329,7.27168e-06
4330,7.24799e-06
4331,7.22438e-06
4332,7.20085e-06
4333,7.17739e-06
4334,7.15401e-06
4335,7.1307e-06
4336,7.10747e-06
4337,7.08432e-06
4338,7.06124e-06
4339,7.03824e-06
4340,7.01531e-06
4341,6.99246e-06
4342,6.96968e-06
4343,6.94697e-06
4344,6.92434e-06
4345,6.90179e-06
4346,6.8793e-06
4347,6.85689e-06
4348,6.83456e-06
4349,6.81229e-06
4350,6.7901e-06
4351,6.76798e-06
4352,6.74593e-06
4353,6.72396e-06
4354,6.70205e-06
4355,6.68022e-06
4356,6.65846e-06
4357,6.63677e-06
4358,6.61515e-06
4359,6.5936e-06
4360,6.57212e-06
4361,6.55071e-06
4362,6.52937e-06
4363,6.5081e-06
4364,6.4869e-06
4365,6.46576e-06
4366,6.4447e-06
4367,6.42371e-06
4368,6.40278e-06
4369,6.38192e-06
4370,6.36113e-06
4371,6.34041e-06
4372,6.31976e-06
4373,6.29917e-06
4374,6.27865e-06
4375,6.25819e-06
4376,6.23781e-06
4377,6.21749e-06
4378,6.19723e-06
4379,6.17704e-06
4380,6.15692e-06
4381,6.13686e-06
4382,6.11687e-06
4383,6.09695e-06
4384,6.07708e-06
4385,6.05729e-06
4386,6.03756e-06
4387,6.01789e-06
4388,5.99828e-06
4389,5.97874e-06
4390,5.95927e-06
4391,5.93985e-06
4392,5.9205e-06
4393,5.90122e-06
4394,5.88199e-06
4395,5.86283e-06
4396,5.84373e-06
4397,5.8247e-06
4398,5.80572e-06
4399,5.78681e-06
4400,5.76796e-06
4401,5.74917e-06
4402,5.73044e-06
4403,5.71177e-06
4404,5.69316e-06
4405,5.67462e-06
4406,5.65613e-06
4407,5.63771e-06
4408,5.61934e-06
4409,5.60103e-06
4410,5.58279e-06
4411,5.5646e-06
4412,5.54647e-06
4413,5.52841e-06
4414,5.5104e-06
4415,5.49245e-06
4416,5.47455e-06
4417,5.45672e-06
4418,5.43894e-06
4419,5.42122e-06
4420,5.40356e-06
4421,5.38596e-06
4422,5.36842e-06
4423,5.35093e-06
4424,5.3335e-06
4425,5.31612e-06
4426,5.2988e-06
4427,5.28154e-06
4428,5.26434e-06
4429,5.24719e-06
4430,5.23009e-06
4431,5.21306e-06
4432,5.19607e-06
4433,5.17915e-06
4434,5.16228e-06
4435,5.14546e-06
4436,5.1287e-06
4437,5.11199e-06
4438,5.09534e-06
4439,5.07874e-06
4440,5.06219e-06
4441,5.0457e-06
4442,5.02926e-06
4443,5.01288e-06
4444,4.99655e-06
4445,4.98027e-06
4446,4.96405e-06
4447,4.94788e-06
4448,4.93176e-06
4449,4.91569e-06
4450,4.89968e-06
4451,4.88372e-06
4452,4.86781e-06
4453,4.85195e-06
4454,4.83615e-06
4455,4.82039e-06
4456,4.80469e-06
4457,4.78904e-06
4458,4.77344e-06
4459,4.75789e-06
4460,4.74239e-06
4461,4.72694e-06
4462,4.71154e-06
4463,4.69619e-06
4464,4.68089e-06
4465,4.66564e-06
4466,4.65045e-06
4467,4.6353e-06
4468,4.6202e-06
4469,4.60514e-06
4470,4.59014e-06
4471,4.57519e-06
4472,4.56029e-06
4473,4.54543e-06
4474,4.53062e-06
4475,4.51586e-06
4476,4.50115e-06
4477,4.48649e-06
4478,4.47187e-06
4479,4.45731e-06
4480,4.44279e-06
4481,4.42831e-06
4482,4.41389e-06
4483,4.39951e-06
4484,4.38518e-06
4485,4.37089e-06
4486,4.35665e-06
4487,4.34246e-06
4488,4.32831e-06
4489,4.31421e-06
4490,4.30016e-06
4491,4.28615e-06
4492,4.27219e-06
4493,4.25827e-06
4494,4.2444e-06
4495,4.23057e-06
4496,4.21679e-06
4497,4.20305e-06
4498,4.18936e-06
4499,4.17571e-06
4500,4.16211e-06
4501,4.14855e-06
4502,4.13504e-06
4503,4.12157e-06
4504,4.10814e-06
4505,4.09476e-06
4506,4.08142e-06
4507,4.06812e-06
4508,4.05487e-06
4509,4.04166e-06
4510,4.0285e-06
4511,4.01537e-06
4512,4.00229e-06
4513,3.98925e-06
4514,3.97626e-06
4515,3.9633e-06
4516,3.95039e-06
4517,3.93752e-06
4518,3.9247e-06
4519,3.91191e-06
4520,3.89917e-06
4521,3.88647e-06
4522,3.87381e-06
4523,3.86119e-06
4524,3.84861e-06
4525,3.83607e-06
4526,3.82357e-06
4527,3.81112e-06
4528,3.7987e-06
4529,3.78633e-06
4530,3.77399e-06
4531,3.7617e-06
4532,3.74945e-06
4533,3.73723e-06
4534,3.72506e-06
4535,3.71292e-06
4536,3.70083e-06
4537,3.68877e-06
4538,3.67675e-06
4539,3.66478e-06
4540,3.65284e-06
4541,3.64094e-06
4542,3.62908e-06
4543,3.61726e-06
4544,3.60547e-06
4545,3.59373e-06
4546,3.58202e-06
4547,3.57035e-06
4548,3.55872e-06
4549,3.54713e-06
4550,3.53557e-06
4551,3.52405e-06
4552,3.51257e-06
4553,3.50113e-06
4554,3.48973e-06
4555,3.47836e-06
4556,3.46703e-06
4557,3.45573e-06
4558,3.44447e-06
4559,3.43325e-06
4560,3.42207e-06
4561,3.41092e-06
4562,3.39981e-06
4563,3.38873e-06
4564,3.37769e-06
4565,3.36669e-06
4566,3.35572e-06
4567,3.34479e-06
4568,3.3339e-06
4569,3.32304e-06
4570,3.31221e-06
4571,3.30142e-06
4572,3.29067e-06
4573,3.27995e-06
4574,3.26926e-06
4575,3.25861e-06
4576,3.248e-06
4577,3.23741e-06
4578,3.22687e-06
4579,3.21636e-06
4580,3.20588e-06
4581,3.19544e-06
4582,3.18503e-06
4583,3.17465e-06
4584,3.16431e-06
4585,3.154e-06
4586,3.14373e-06
4587,3.13348e-06
4588,3.12328e-06
4589,3.1131e-06
4590,3.10296e-06
4591,3.09285e-06
4592,3.08278e-06
4593,3.07273e-06
4594,3.06272e-06
4595,3.05275e-06
4596,3.0428e-06
4597,3.03289e-06
4598,3.02301e-06
4599,3.01316e-06
4600,3.00335e-06
4601,2.99356e-06
4602,2.98381e-06
4603,2.97409e-06
4604,2.9644e-06
4605,2.95475e-06
4606,2.94512e-06
4607,2.93553e-06
4608,2.92596e-06
4609,2.91643e-06
4610,2.90693e-06
4611,2.89746e-06
4612,2.88802e-06
4613,2.87861e-06
4614,2.86924e-06
4615,2.85989e-06
4616,2.85057e-06
4617,2.84129e-06
4618,2.83203e-06
4619,2.8228e-06
4620,2.81361e-06
4621,2.80444e-06
4622,2.79531e-06
4623,2.7862e-06
4624,2.77713e-06
4625,2.76808e-06
4626,2.75906e-06
4627,2.75007e-06
4628,2.74111e-06
4629,2.73218e-06
4630,2.72328e-06
4631,2.71441e-06
4632,2.70557e-06
4633,2.69676e-06
4634,2.68797e-06
4635,2.67921e-06
4636,2.67049e-06
4637,2.66179e-06
4638,2.65312e-06
4639,2.64447e-06
4640,2.63586e-06
4641,2.62727e-06
4642,2.61871e-06
4643,2.61018e-06
4644,2.60168e-06
4645,2.5932e-06
4646,2.58476e-06
4647,2.57634e-06
4648,2.56794e-06
4649,2.55958e-06
4650,2.55124e-06
4651,2.54293e-06
4652,2.53464e-06
4653,2.52639e-06
4654,2.51816e-06
4655,2.50995e-06
4656,2.50178e-06
4657,2.49363e-06
4658,2.4855e-06
4659,2.47741e-06
4660,2.46934e-06
4661,2.46129e-06
4662,2.45328e-06
4663,2.44528e-06
4664,2.43732e-06
4665,2.42938e-06
4666,2.42146e-06
4667,2.41358e-06
4668,2.40571e-06
4669,2.39788e-06
4670,2.39006e-06
4671,2.38228e-06
4672,2.37452e-06
4673,2.36678e-06
4674,2.35907e-06
4675,2.35139e-06
4676,2.34373e-06
4677,2.33609e-06
4678,2.32848e-06
4679,2.3209e-06
4680,2.31334e-06
4681,2.3058e-06
4682,2.29829e-06
4683,2.2908e-06
4684,2.28334e-06
4685,2.2759e-06
4686,2.26849e-06
4687,2.2611e-06
4688,2.25373e-06
4689,2.24639e-06
4690,2.23907e-06
4691,2.23178e-06
4692,2.22451e-06
4693,2.21726e-06
4694,2.21004e-06
4695,2.20284e-06
4696,2.19566e-06
4697,2.18851e-06
4698,2.18138e-06
4699,2.17427e-06
4700,2.16719e-06
4701,2.16013e-06
4702,2.15309e-06
4703,2.14608e-06
4704,2.13909e-06
4705,2.13212e-06
4706,2.12517e-06
4707,2.11825e-06
4708,2.11135e-06
4709,2.10447e-06
4710,2.09762e-06
4711,2.09078e-06
4712,2.08397e-06
4713,2.07718e-06
4714,2.07042e-06
4715,2.06367e-06
4716,2.05695e-06
4717,2.05025e-06
4718,2.04357e-06
4719,2.03691e-06
4720,2.03028e-06
4721,2.02366e-06
4722,2.01707e-06
4723,2.0105e-06
4724,2.00395e-06
4725,1.99742e-06
4726,1.99092e-06
4727,1.98443e-06
4728,1.97797e-06
4729,1.97152e-06
4730,1.9651e-06
4731,1.9587e-06
4732,1.95232e-06
4733,1.94596e-06
4734,1.93962e-06
4735,1.9333e-06
4736,1.927e-06
4737,1.92072e-06
4738,1.91447e-06
4739,1.90823e-06
4740,1.90201e-06
4741,1.89582e-06
4742,1.88964e-06
4743,1.88349e-06
4744,1.87735e-06
4745,1.87124e-06
4746,1.86514e-06
4747,1.85906e-06
4748,1.85301e-06
4749,1.84697e-06
4750,1.84095e-06
4751,1.83496e-06
4752,1.82898e-06
4753,1.82302e-06
4754,1.81708e-06
4755,1.81116e-06
4756,1.80526e-06
4757,1.79938e-06
4758,1.79352e-06
4759,1.78768e-06
4760,1.78185e-06
4761,1.77605e-06
4762,1.77026e-06
4763,1.7645e-06
4764,1.75875e-06
4765,1.75302e-06
4766,1.74731e-06
4767,1.74162e-06
4768,1.73594e-06
4769,1.73029e-06
4770,1.72465e-06
4771,1.71903e-06
4772,1.71343e-06
4773,1.70785e-06
4774,1.70229e-06
4775,1.69674e-06
4776,1.69122e-06
4777,1.68571e-06
4778,1.68021e-06
4779,1.67474e-06
4780,1.66929e-06
4781,1.66385e-06
4782,1.65843e-06
4783,1.65302e-06
4784,1.64764e-06
4785,1.64227e-06
4786,1.63692e-06
4787,1.63159e-06
4788,1.62627e-06
4789,1.62098e-06
4790,1.6157e-06
4791,1.61043e-06
4792,1.60519e-06
4793,1.59996e-06
4794,1.59475e-06
4795,1.58955e-06
4796,1.58437e-06
4797,1.57921e-06
4798,1.57407e-06
4799,1.56894e-06
4800,1.56383e-06
4801,1.55873e-06
4802,1.55366e-06
4803,1.54859e-06
4804,1.54355e-06
4805,1.53852e-06
4806,1.53351e-06
4807,1.52851e-06
4808,1.52353e-06
4809,1.51857e-06
4810,1.51362e-06
4811,1.50869e-06
4812,1.50378e-06
4813,1.49888e-06
4814,1.494e-06
4815,1.48913e-06
4816,1.48428e-06
4817,1.47944e-06
4818,1.47462e-06
4819,1.46982e-06
4820,1.46503e-06
4821,1.46026e-06
4822,1.4555e-06
4823,1.45076e-06
4824,1.44604e-06
4825,1.44132e-06
4826,1.43663e-06
4827,1.43195e-06
4828,1.42728e-06
4829,1.42264e-06
4830,1.418e-06
4831,1.41338e-06
4832,1.40878e-06
4833,1.40419e-06
4834,1.39961e-06
4835,1.39505e-06
4836,1.39051e-06
4837,1.38598e-06
4838,1.38146e-06
4839,1.37696e-06
4840,1.37248e-06
4841,1.36801e-06
4842,1.36355e-06
4843,1.35911e-06
4844,1.35468e-06
4845,1.35027e-06
4846,1.34587e-06
4847,1.34149e-06
4848,1.33712e-06
4849,1.33276e-06
4850,1.32842e-06
4851,1.32409e-06
4852,1.31978e-06
4853,1.31548e-06
4854,1.31119e-06
4855,1.30692e-06
4856,1.30266e-06
4857,1.29842e-06
4858,1.29419e-06
4859,1.28997e-06
4860,1.28577e-06
4861,1.28158e-06
4862,1.27741e-06
4863,1.27325e-06
4864,1.2691e-06
4865,1.26497e-06
4866,1.26084e-06
4867,1.25674e-06
4868,1.25264e-06
4869,1.24856e-06
4870,1.24449e-06
4871,1.24044e-06
4872,1.2364e-06
4873,1.23237e-06
4874,1.22836e-06
4875,1.22436e-06
4876,1.22037e-06
4877,1.21639e-06
4878,1.21243e-06
4879,1.20848e-06
4880,1.20454e-06
4881,1.20062e-06
4882,1.19671e-06
4883,1.19281e-06
4884,1.18892e-06
4885,1.18505e-06
4886,1.18119e-06
4887,1.17734e-06
4888,1.17351e-06
4889,1.16968e-06
4890,1.16587e-06
4891,1.16208e-06
4892,1.15829e-06
4893,1.15452e-06
4894,1.15076e-06
4895,1.14701e-06
4896,1.14327e-06
4897,1.13955e-06
4898,1.13583e-06
4899,1.13213e-06
4900,1.12845e-06
4901,1.12477e-06
4902,1.12111e-06
4903,1.11745e-06
4904,1.11381e-06
4905,1.11018e-06
4906,1.10657e-06
4907,1.10296e-06
4908,1.09937e-06
4909,1.09579e-06
4910,1.09222e-06
4911,1.08866e-06
4912,1.08511e-06
4913,1.08158e-06
4914,1.07806e-06
4915,1.07454e-06
4916,1.07104e-06
4917,1.06755e-06
4918,1.06408e-06
4919,1.06061e-06
4920,1.05716e-06
4921,1.05371e-06
4922,1.05028e-06
4923,1.04686e-06
4924,1.04345e-06
4925,1.04005e-06
4926,1.03666e-06
4927,1.03328e-06
4928,1.02992e-06
4929,1.02656e-06
4930,1.02322e-06
4931,1.01988e-06
4932,1.01656e-06
4933,1.01325e-06
4934,1.00995e-06
4935,1.00666e-06
4936,1.00338e-06
4937,1.00011e-06
4938,9.96854e-07
4939,9.93606e-07
4940,9.9037e-07
4941,9.87143e-07
4942,9.83928e-07
4943,9.80722e-07
4944,9.77528e-07
4945,9.74343e-07
4946,9.71169e-07
4947,9.68005e-07
4948,9.64852e-07
4949,9.61709e-07
4950,9.58576e-07
4951,9.55453e-07
4952,9.52341e-07
4953,9.49238e-07
4954,9.46146e-07
4955,9.43064e-07
4956,9.39992e-07
4957,9.36929e-07
4958,9.33877e-07
4959,9.30835e-07
4960,9.27803e-07
4961,9.2478e-07
4962,9.21768e-07
4963,9.18765e-07
4964,9.15772e-07
4965,9.12789e-07
4966,9.09815e-07
4967,9.06851e-07
4968,9.03897e-07
4969,9.00953e-07
4970,8.98018e-07
4971,8.95092e-07
4972,8.92176e-07
4973,8.8927e-07
4974,8.86373e-07
4975,8.83485e-07
4976,8.80607e-07
4977,8.77739e-07
4978,8.74879e-07
4979,8.72029e-07
4980,8.69189e-07
4981,8.66357e-07
4982,8.63535e-07
4983,8.60722e-07
4984,8.57918e-07
4985,8.55123e-07
4986,8.52337e-07
4987,8.49561e-07
4988,8.46793e-07
4989,8.44035e-07
4990,8.41285e-07
4991,8.38544e-07
4992,8.35813e-07
4993,8.3309e-07
4994,8.30376e-07
4995,8.27671e-07
4996,8.24975e-07
4997,8.22287e-07
4998,8.19609e-07
4999,8.16939e-07
5000,8.14277e-07
5001,8.11625e-07
5002,8.08981e-07
5003,8.06345e-07
5004,8.03719e-07
5005,8.011e-07
5006,7.98491e-07
5007,7.95889e-07
5008,7.93297e-07
5009,7.90713e-07
5010,7.88137e-07
5011,7.85569e-07
5012,7.8301e-07
5013,7.80459e-07
5014,7.77917e-07
5015,7.75383e-07
5016,7.72857e-07
5017,7.70339e-07
5018,7.6783e-07
5019,7.65328e-07
5020,7.62835e-07
5021,7.6035e-07
5022,7.57873e-07
5023,7.55404e-07
5024,7.52943e-07
5025,7.50491e-07
5026,7.48046e-07
5027,7.45609e-07
5028,7.4318e-07
5029,7.40759e-07
5030,7.38346e-07
5031,7.35941e-07
5032,7.33543e-07
5033,7.31154e-07
5034,7.28772e-07
5035,7.26398e-07
5036,7.24031e-07
5037,7.21673e-07
5038,7.19322e-07
5039,7.16978e-07
5040,7.14643e-07
5041,7.12315e-07
5042,7.09994e-07
5043,7.07681e-07
5044,7.05376e-07
5045,7.03078e-07
5046,7.00788e-07
5047,6.98505e-07
5048,6.96229e-07
5049,6.93961e-07
5050,6.91701e-07
5051,6.89447e-07
5052,6.87201e-07
5053,6.84963e-07
5054,6.82731e-07
5055,6.80507e-07
5056,6.7829e-07
5057,6.76081e-07
5058,6.73878e-07
5059,6.71683e-07
5060,6.69495e-07
5061,6.67314e-07
5062,6.6514e-07
5063,6.62973e-07
5064,6.60814e-07
5065,6.58661e-07
5066,6.56515e-07
5067,6.54377e-07
5068,6.52245e-07
5069,6.5012e-07
5070,6.48002e-07
5071,6.45891e-07
5072,6.43787e-07
5073,6.4169e-07
5074,6.396e-07
5075,6.37516e-07
5076,6.35439e-07
5077,6.33369e-07
5078,6.31306e-07
5079,6.29249e-07
5080,6.272e-07
5081,6.25156e-07
5082,6.2312e-07
5083,6.2109e-07
5084,6.19067e-07
5085,6.1705e-07
5086,6.1504e-07
5087,6.13036e-07
5088,6.11039e-07
5089,6.09049e-07
5090,6.07065e-07
5091,6.05087e-07
5092,6.03116e-07
5093,6.01151e-07
5094,5.99193e-07
5095,5.97241e-07
5096,5.95295e-07
5097,5.93356e-07
5098,5.91423e-07
5099,5.89496e-07
5100,5.87576e-07
5101,5.85662e-07
5102,5.83754e-07
5103,5.81852e-07
5104,5.79957e-07
5105,5.78068e-07
5106,5.76185e-07
5107,5.74308e-07
5108,5.72437e-07
5109,5.70572e-07
5110,5.68713e-07
5111,5.6686e-07
5112,5.65014e-07
5113,5.63173e-07
5114,5.61339e-07
5115,5.5951e-07
5116,5.57687e-07
5117,5.55871e-07
5118,5.5406e-07
5119,5.52255e-07
5120,5.50456e-07
5121,5.48663e-07
5122,5.46875e-07
5123,5.45094e-07
5124,5.43318e-07
5125,5.41548e-07
5126,5.39784e-07
5127,5.38025e-07
5128,5.36273e-07
5129,5.34526e-07
5130,5.32785e-07
5131,5.31049e-07
5132,5.29319e-07
5133,5.27595e-07
5134,5.25876e-07
5135,5.24163e-07
5136,5.22455e-07
5137,5.20753e-07
5138,5.19057e-07
5139,5.17366e-07
5140,5.15681e-07
5141,5.14001e-07
5142,5.12326e-07
5143,5.10657e-07
5144,5.08994e-07
5145,5.07336e-07
5146,5.05683e-07
5147,5.04036e-07
5148,5.02394e-07
5149,5.00757e-07
5150,4.99126e-07
5151,4.975e-07
5152,4.95879e-07
5153,4.94264e-07
5154,4.92654e-07
5155,4.91049e-07
5156,4.89449e-07
5157,4.87855e-07
5158,4.86265e-07
5159,4.84681e-07
5160,4.83102e-07
5161,4.81529e-07
5162,4.7996e-07
5163,4.78396e-07
5164,4.76838e-07
5165,4.75285e-07
5166,4.73736e-07
5167,4.72193e-07
5168,4.70655e-07
5169,4.69122e-07
5170,4.67593e-07
5171,4.6607e-07
5172,4.64552e-07
5173,4.63038e-07
5174,4.6153e-07
5175,4.60027e-07
5176,4.58528e-07
5177,4.57034e-07
5178,4.55545e-07
5179,4.54061e-07
5180,4.52582e-07
5181,4.51108e-07
5182,4.49638e-07
5183,4.48174e-07
5184,4.46714e-07
5185,4.45258e-07
5186,4.43808e-07
5187,4.42362e-07
5188,4.40921e-07
5189,4.39485e-07
5190,4.38053e-07
5191,4.36626e-07
5192,4.35204e-07
5193,4.33786e-07
5194,4.32373e-07
5195,4.30964e-07
5196,4.2956e-07
5197,4.28161e-07
5198,4.26766e-07
5199,4.25376e-07
5200,4.2399e-07
5201,4.22609e-07
5202,4.21232e-07
5203,4.1986e-07
5204,4.18492e-07
5205,4.17129e-07
5206,4.1577e-07
5207,4.14416e-07
5208,4.13066e-07
5209,4.1172e-07
5210,4.10379e-07
5211,4.09042e-07
5212,4.07709e-07
5213,4.06381e-07
5214,4.05057e-07
5215,4.03738e-07
5216,4.02423e-07
5217,4.01112e-07
5218,3.99805e-07
5219,3.98503e-07
5220,3.97204e-07
5221,3.95911e-07
5222,3.94621e-07
5223,3.93335e-07
5224,3.92054e-07
5225,3.90777e-07
5226,3.89504e-07
5227,3.88235e-07
5228,3.8697e-07
5229,3.8571e-07
5230,3.84453e-07
5231,3.83201e-07
5232,3.81952e-07
5233,3.80708e-07
5234,3.79468e-07
5235,3.78232e-07
5236,3.77e-07
5237,3.75771e-07
5238,3.74547e-07
5239,3.73327e-07
5240,3.72111e-07
5241,3.70899e-07
5242,3.69691e-07
5243,3.68486e-07
5244,3.67286e-07
5245,3.66089e-07
5246,3.64897e-07
5247,3.63708e-07
5248,3.62523e-07
5249,3.61342e-07
5250,3.60165e-07
5251,3.58992e-07
5252,3.57822e-07
5253,3.56657e-07
5254,3.55495e-07
5255,3.54337e-07
5256,3.53182e-07
5257,3.52032e-07
5258,3.50885e-07
5259,3.49742e-07
5260,3.48603e-07
5261,3.47467e-07
5262,3.46335e-07
5263,3.45207e-07
5264,3.44082e-07
5265,3.42962e-07
5266,3.41844e-07
5267,3.40731e-07
5268,3.39621e-07
5269,3.38514e-07
5270,3.37412e-07
5271,3.36312e-07
5272,3.35217e-07
5273,3.34125e-07
5274,3.33036e-07
5275,3.31951e-07
5276,3.3087e-07
5277,3.29792e-07
5278,3.28718e-07
5279,3.27647e-07
5280,3.2658e-07
5281,3.25516e-07
5282,3.24455e-07
5283,3.23398e-07
5284,3.22345e-07
5285,3.21295e-07
5286,3.20248e-07
5287,3.19205e-07
5288,3.18165e-07
5289,3.17129e-07
5290,3.16096e-07
5291,3.15066e-07
5292,3.14039e-07
5293,3.13016e-07
5294,3.11997e-07
5295,3.1098e-07
5296,3.09967e-07
5297,3.08958e-07
5298,3.07951e-07
5299,3.06948e-07
5300,3.05948e-07
5301,3.04951e-07
5302,3.03958e-07
5303,3.02968e-07
5304,3.01981e-07
5305,3.00997e-07
5306,3.00016e-07
5307,2.99039e-07
5308,2.98065e-07
5309,2.97094e-07
5310,2.96126e-07
5311,2.95161e-07
5312,2.942e-07
5313,2.93242e-07
5314,2.92286e-07
5315,2.91334e-07
5316,2.90385e-07
5317,2.89439e-07
5318,2.88496e-07
5319,2.87556e-07
5320,2.8662e-07
5321,2.85686e-07
5322,2.84755e-07
5323,2.83828e-07
5324,2.82903e-07
5325,2.81981e-07
5326,2.81063e-07
5327,2.80147e-07
5328,2.79235e-07
5329,2.78325e-07
5330,2.77418e-07
5331,2.76515e-07
5332,2.75614e-07
5333,2.74716e-07
5334,2.73821e-07
5335,2.72929e-07
5336,2.7204e-07
5337,2.71154e-07
5338,2.7027e-07
5339,2.6939e-07
5340,2.68512e-07
5341,2.67638e-07
5342,2.66766e-07
5343,2.65897e-07
5344,2.65031e-07
5345,2.64167e-07
5346,2.63307e-07
5347,2.62449e-07
5348,2.61594e-07
5349,2.60742e-07
5350,2.59892e-07
5351,2.59046e-07
5352,2.58202e-07
5353,2.57361e-07
5354,2.56522e-07
5355,2.55687e-07
5356,2.54854e-07
5357,2.54023e-07
5358,2.53196e-07
5359,2.52371e-07
5360,2.51549e-07
5361,2.5073e-07
5362,2.49913e-07
5363,2.49099e-07
5364,2.48287e-07
5365,2.47478e-07
5366,2.46672e-07
5367,2.45869e-07
5368,2.45068e-07
5369,2.44269e-07
5370,2.43474e-07
5371,2.4268e-07
5372,2.4189e-07
5373,2.41102e-07
5374,2.40316e-07
5375,2.39534e-07
5376,2.38753e-07
5377,2.37975e-07
5378,2.372e-07
5379,2.36428e-07
5380,2.35657e-07
5381,2.3489e-07
5382,2.34124e-07
5383,2.33362e-07
5384,2.32602e-07
5385,2.31844e-07
5386,2.31089e-07
5387,2.30336e-07
5388,2.29585e-07
5389,2.28837e-07
5390,2.28092e-07
5391,2.27349e-07
5392,2.26608e-07
5393,2.2587e-07
5394,2.25134e-07
5395,2.24401e-07
5396,2.2367e-07
5397,2.22941e-07
5398,2.22215e-07
5399,2.21491e-07
5400,2.2077e-07
5401,2.2005e-07
5402,2.19334e-07
5403,2.18619e-07
5404,2.17907e-07
5405,2.17197e-07
5406,2.16489e-07
5407,2.15784e-07
5408,2.15081e-07
5409,2.14381e-07
5410,2.13682e-07
5411,2.12986e-07
5412,2.12292e-07
5413,2.11601e-07
5414,2.10911e-07
5415,2.10224e-07
5416,2.0954e-07
5417,2.08857e-07
5418,2.08177e-07
5419,2.07498e-07
5420,2.06822e-07
5421,2.06149e-07
5422,2.05477e-07
5423,2.04808e-07
5424,2.04141e-07
5425,2.03476e-07
5426,2.02813e-07
5427,2.02152e-07
5428,2.01493e-07
5429,2.00837e-07
5430,2.00183e-07
5431,1.99531e-07
5432,1.98881e-07
5433,1.98233e-07
5434,1.97587e-07
5435,1.96943e-07
5436,1.96302e-07
5437,1.95662e-07
5438,1.95025e-07
5439,1.9439e-07
5440,1.93756e-07
5441,1.93125e-07
5442,1.92496e-07
5443,1.91869e-07
5444,1.91244e-07
5445,1.90621e-07
5446,1.9e-07
5447,1.89381e-07
5448,1.88764e-07
5449,1.88149e-07
5450,1.87536e-07
5451,1.86925e-07
5452,1.86316e-07
5453,1.85709e-07
5454,1.85104e-07
5455,1.84501e-07
5456,1.839e-07
5457,1.83301e-07
5458,1.82704e-07
5459,1.82109e-07
5460,1.81516e-07
5461,1.80924e-07
5462,1.80335e-07
5463,1.79748e-07
5464,1.79162e-07
5465,1.78578e-07
5466,1.77997e-07
5467,1.77417e-07
5468,1.76839e-07
5469,1.76263e-07
5470,1.75689e-07
5471,1.75116e-07
5472,1.74546e-07
5473,1.73977e-07
5474,1.7341e-07
5475,1.72845e-07
5476,1.72282e-07
5477,1.71721e-07
5478,1.71162e-07
5479,1.70604e-07
5480,1.70048e-07
5481,1.69495e-07
5482,1.68942e-07
5483,1.68392e-07
5484,1.67843e-07
5485,1.67297e-07
5486,1.66752e-07
5487,1.66208e-07
5488,1.65667e-07
5489,1.65127e-07
5490,1.64589e-07
5491,1.64053e-07
5492,1.63519e-07
5493,1.62986e-07
5494,1.62455e-07
5495,1.61926e-07
5496,1.61398e-07
5497,1.60873e-07
5498,1.60349e-07
5499,1.59826e-07
5500,1.59306e-07
5501,1.58787e-07
5502,1.58269e-07
5503,1.57754e-07
5504,1.5724e-07
5505,1.56728e-07
5506,1.56217e-07
5507,1.55708e-07
5508,1.55201e-07
5509,1.54695e-07
5510,1.54191e-07
5511,1.53689e-07
5512,1.53188e-07
5513,1.52689e-07
5514,1.52192e-07
5515,1.51696e-07
5516,1.51202e-07
5517,1.50709e-07
5518,1.50219e-07
5519,1.49729e-07
5520,1.49241e-07
5521,1.48755e-07
5522,1.48271e-07
5523,1.47788e-07
5524,1.47306e-07
5525,1.46826e-07
5526,1.46348e-07
5527,1.45871e-07
5528,1.45396e-07
5529,1.44922e-07
5530,1.4445e-07
5531,1.4398e-07
5532,1.43511e-07
5533,1.43043e-07
5534,1.42577e-07
5535,1.42113e-07
5536,1.4165e-07
5537,1.41188e-07
5538,1.40728e-07
5539,1.4027e-07
5540,1.39813e-07
5541,1.39358e-07
5542,1.38904e-07
5543,1.38451e-07
5544,1.38e-07
5545,1.37551e-07
5546,1.37102e-07
5547,1.36656e-07
5548,1.36211e-07
5549,1.35767e-07
5550,1.35325e-07
5551,1.34884e-07
5552,1.34444e-07
5553,1.34006e-07
5554,1.3357e-07
5555,1.33135e-07
5556,1.32701e-07
5557,1.32269e-07
5558,1.31838e-07
5559,1.31408e-07
5560,1.3098e-07
5561,1.30554e-07
5562,1.30128e-07
5563,1.29704e-07
5564,1.29282e-07
5565,1.28861e-07
5566,1.28441e-07
5567,1.28023e-07
5568,1.27605e-07
5569,1.2719e-07
5570,1.26775e-07
5571,1.26362e-07
5572,1.25951e-07
5573,1.25541e-07
5574,1.25132e-07
5575,1.24724e-07
5576,1.24318e-07
5577,1.23913e-07
5578,1.23509e-07
5579,1.23107e-07
5580,1.22706e-07
5581,1.22306e-07
5582,1.21907e-07
5583,1.2151e-07
5584,1.21114e-07
5585,1.2072e-07
5586,1.20327e-07
5587,1.19935e-07
5588,1.19544e-07
5589,1.19155e-07
5590,1.18766e-07
5591,1.18379e-07
5592,1.17994e-07
5593,1.17609e-07
5594,1.17226e-07
5595,1.16844e-07
5596,1.16464e-07
5597,1.16084e-07
5598,1.15706e-07
5599,1.15329e-07
5600,1.14954e-07
5601,1.14579e-07
5602,1.14206e-07
5603,1.13834e-07
5604,1.13463e-07
5605,1.13093e-07
5606,1.12725e-07
5607,1.12358e-07
5608,1.11992e-07
5609,1.11627e-07
5610,1.11263e-07
5611,1.10901e-07
5612,1.1054e-07
5613,1.10179e-07
5614,1.09821e-07
5615,1.09463e-07
5616,1.09106e-07
5617,1.08751e-07
5618,1.08396e-07
5619,1.08043e-07
5620,1.07691e-07
5621,1.07341e-07
5622,1.06991e-07
5623,1.06642e-07
5624,1.06295e-07
5625,1.05949e-07
5626,1.05604e-07
5627,1.0526e-07
5628,1.04917e-07
5629,1.04575e-07
5630,1.04234e-07
5631,1.03895e-07
5632,1.03556e-07
5633,1.03219e-07
5634,1.02883e-07
5635,1.02547e-07
5636,1.02213e-07
5637,1.0188e-07
5638,1.01549e-07
5639,1.01218e-07
5640,1.00888e-07
5641,1.00559e-07
5642,1.00232e-07
5643,9.99052e-08
5644,9.95798e-08
5645,9.92554e-08
5646,9.8932e-08
5647,9.86097e-08
5648,9.82885e-08
5649,9.79683e-08
5650,9.76492e-08
5651,9.73311e-08
5652,9.7014e-08
5653,9.66979e-08
5654,9.63829e-08
5655,9.6069e-08
5656,9.5756e-08
5657,9.54441e-08
5658,9.51332e-08
5659,9.48233e-08
5660,9.45144e-08
5661,9.42065e-08
5662,9.38996e-08
5663,9.35937e-08
5664,9.32888e-08
5665,9.29849e-08
5666,9.2682e-08
5667,9.238e-08
5668,9.20791e-08
5669,9.17791e-08
5670,9.14802e-08
5671,9.11822e-08
5672,9.08851e-08
5673,9.0589e-08
5674,9.02939e-08
5675,8.99998e-08
5676,8.97066e-08
5677,8.94144e-08
5678,8.91231e-08
5679,8.88328e-08
5680,8.85434e-08
5681,8.82549e-08
5682,8.79674e-08
5683,8.76809e-08
5684,8.73952e-08
5685,8.71105e-08
5686,8.68268e-08
5687,8.65439e-08
5688,8.6262e-08
5689,8.5981e-08
5690,8.57009e-08
5691,8.54217e-08
5692,8.51434e-08
5693,8.48661e-08
5694,8.45896e-08
5695,8.4314e-08
5696,8.40394e-08
5697,8.37656e-08
5698,8.34927e-08
5699,8.32207e-08
5700,8.29496e-08
5701,8.26794e-08
5702,8.24101e-08
5703,8.21416e-08
5704,8.1874e-08
5705,8.16073e-08
5706,8.13414e-08
5707,8.10765e-08
5708,8.08124e-08
5709,8.05491e-08
5710,8.02867e-08
5711,8.00252e-08
5712,7.97645e-08
5713,7.95046e-08
5714,7.92456e-08
5715,7.89875e-08
5716,7.87302e-08
5717,7.84737e-08
5718,7.82181e-08
5719,7.79632e-08
5720,7.77093e-08
5721,7.74561e-08
5722,7.72038e-08
5723,7.69523e-08
5724,7.67016e-08
5725,7.64517e-08
5726,7.62027e-08
5727,7.59545e-08
5728,7.5707e-08
5729,7.54604e-08
5730,7.52146e-08
5731,7.49695e-08
5732,7.47253e-08
5733,7.44819e-08
5734,7.42392e-08
5735,7.39974e-08
5736,7.37564e-08
5737,7.35161e-08
5738,7.32766e-08
5739,7.30379e-08
5740,7.28e-08
5741,7.25628e-08
5742,7.23264e-08
5743,7.20908e-08
5744,7.1856e-08
5745,7.16219e-08
5746,7.13886e-08
5747,7.1156e-08
5748,7.09242e-08
5749,7.06932e-08
5750,7.04629e-08
5751,7.02333e-08
5752,7.00045e-08
5753,6.97765e-08
5754,6.95492e-08
5755,6.93226e-08
5756,6.90968e-08
5757,6.88717e-08
5758,6.86473e-08
5759,6.84237e-08
5760,6.82008e-08
5761,6.79786e-08
5762,6.77572e-08
5763,6.75365e-08
5764,6.73164e-08
5765,6.70971e-08
5766,6.68786e-08
5767,6.66607e-08
5768,6.64436e-08
5769,6.62271e-08
5770,6.60114e-08
5771,6.57963e-08
5772,6.5582e-08
5773,6.53683e-08
5774,6.51554e-08
5775,6.49431e-08
5776,6.47316e-08
5777,6.45207e-08
5778,6.43105e-08
5779,6.4101e-08
5780,6.38922e-08
5781,6.36841e-08
5782,6.34766e-08
5783,6.32698e-08
5784,6.30637e-08
5785,6.28583e-08
5786,6.26535e-08
5787,6.24494e-08
5788,6.2246e-08
5789,6.20432e-08
5790,6.18411e-08
5791,6.16396e-08
5792,6.14388e-08
5793,6.12387e-08
5794,6.10392e-08
5795,6.08403e-08
5796,6.06422e-08
5797,6.04446e-08
5798,6.02477e-08
5799,6.00514e-08
5800,5.98558e-08
5801,5.96608e-08
5802,5.94664e-08
5803,5.92727e-08
5804,5.90796e-08
5805,5.88872e-08
5806,5.86953e-08
5807,5.85041e-08
5808,5.83135e-08
5809,5.81236e-08
5810,5.79342e-08
5811,5.77455e-08
5812,5.75574e-08
5813,5.73699e-08
5814,5.7183e-08
5815,5.69967e-08
5816,5.6811e-08
5817,5.6626e-08
5818,5.64415e-08
5819,5.62577e-08
5820,5.60744e-08
5821,5.58917e-08
5822,5.57096e-08
5823,5.55282e-08
5824,5.53473e-08
5825,5.5167e-08
5826,5.49872e-08
5827,5.48081e-08
5828,5.46296e-08
5829,5.44516e-08
5830,5.42742e-08
5831,5.40974e-08
5832,5.39212e-08
5833,5.37456e-08
5834,5.35705e-08
5835,5.33959e-08
5836,5.3222e-08
5837,5.30486e-08
5838,5.28758e-08
5839,5.27036e-08
5840,5.25319e-08
5841,5.23608e-08
5842,5.21902e-08
5843,5.20201e-08
5844,5.18507e-08
5845,5.16818e-08
5846,5.15134e-08
5847,5.13456e-08
5848,5.11783e-08
5849,5.10116e-08
5850,5.08455e-08
5851,5.06798e-08
5852,5.05147e-08
5853,5.03502e-08
5854,5.01861e-08
5855,5.00226e-08
5856,4.98597e-08
5857,4.96973e-08
5858,4.95354e-08
5859,4.9374e-08
5860,4.92132e-08
5861,4.90528e-08
5862,4.88931e-08
5863,4.87338e-08
5864,4.8575e-08
5865,4.84168e-08
5866,4.8259e-08
5867,4.81018e-08
5868,4.79451e-08
5869,4.77889e-08
5870,4.76333e-08
5871,4.74781e-08
5872,4.73234e-08
5873,4.71693e-08
5874,4.70156e-08
5875,4.68625e-08
5876,4.67098e-08
5877,4.65576e-08
5878,4.6406e-08
5879,4.62548e-08
5880,4.61041e-08
5881,4.59539e-08
5882,4.58042e-08
5883,4.5655e-08
5884,4.55063e-08
5885,4.5358e-08
5886,4.52103e-08
5887,4.5063e-08
5888,4.49162e-08
5889,4.47699e-08
5890,4.4624e-08
5891,4.44787e-08
5892,4.43338e-08
5893,4.41893e-08
5894,4.40454e-08
5895,4.39019e-08
5896,4.37589e-08
5897,4.36163e-08
5898,4.34742e-08
5899,4.33326e-08
5900,4.31914e-08
5901,4.30508e-08
5902,4.29105e-08
5903,4.27707e-08
5904,4.26314e-08
5905,4.24925e-08
5906,4.23541e-08
5907,4.22161e-08
5908,4.20786e-08
5909,4.19415e-08
5910,4.18049e-08
5911,4.16687e-08
5912,4.1533e-08
5913,4.13977e-08
5914,4.12628e-08
5915,4.11284e-08
5916,4.09944e-08
5917,4.08609e-08
5918,4.07277e-08
5919,4.05951e-08
5920,4.04628e-08
5921,4.0331e-08
5922,4.01997e-08
5923,4.00687e-08
5924,3.99382e-08
5925,3.98081e-08
5926,3.96784e-08
5927,3.95491e-08
5928,3.94203e-08
5929,3.92919e-08
5930,3.91638e-08
5931,3.90363e-08
5932,3.89091e-08
5933,3.87824e-08
5934,3.8656e-08
5935,3.85301e-08
5936,3.84046e-08
5937,3.82795e-08
5938,3.81548e-08
5939,3.80305e-08
5940,3.79066e-08
5941,3.77831e-08
5942,3.766e-08
5943,3.75373e-08
5944,3.7415e-08
5945,3.72932e-08
5946,3.71717e-08
5947,3.70506e-08
5948,3.69299e-08
5949,3.68096e-08
5950,3.66897e-08
5951,3.65701e-08
5952,3.6451e-08
5953,3.63323e-08
5954,3.62139e-08
5955,3.6096e-08
5956,3.59783e-08
5957,3.58612e-08
5958,3.57443e-08
5959,3.56279e-08
5960,3.55118e-08
5961,3.53961e-08
5962,3.52808e-08
5963,3.51659e-08
5964,3.50514e-08
5965,3.49372e-08
5966,3.48233e-08
5967,3.47099e-08
5968,3.45968e-08
5969,3.44841e-08
5970,3.43718e-08
5971,3.42598e-08
5972,3.41482e-08
5973,3.40369e-08
5974,3.39261e-08
5975,3.38156e-08
5976,3.37054e-08
5977,3.35956e-08
5978,3.34862e-08
5979,3.33771e-08
5980,3.32683e-08
5981,3.316e-08
5982,3.30519e-08
5983,3.29443e-08
5984,3.2837e-08
5985,3.273e-08
5986,3.26234e-08
5987,3.25171e-08
5988,3.24112e-08
5989,3.23056e-08
5990,3.22003e-08
5991,3.20955e-08
5992,3.19909e-08
5993,3.18867e-08
5994,3.17828e-08
5995,3.16793e-08
5996,3.15761e-08
5997,3.14732e-08
5998,3.13707e-08
5999,3.12685e-08
6000,3.11666e-08
6001,3.10651e-08
6002,3.09639e-08
6003,3.0863e-08
6004,3.07625e-08
6005,3.06623e-08
6006,3.05624e-08
6007,3.04628e-08
6008,3.03636e-08
6009,3.02646e-08
6010,3.01661e-08
6011,3.00678e-08
6012,2.99698e-08
6013,2.98722e-08
6014,2.97749e-08
6015,2.96779e-08
6016,2.95812e-08
6017,2.94849e-08
6018,2.93888e-08
6019,2.92931e-08
6020,2.91976e-08
6021,2.91026e-08
6022,2.90077e-08
6023,2.89132e-08
6024,2.8819e-08
6025,2.87252e-08
6026,2.86316e-08
6027,2.85383e-08
6028,2.84454e-08
6029,2.83527e-08
6030,2.82603e-08
6031,2.81683e-08
6032,2.80765e-08
6033,2.7985e-08
6034,2.78939e-08
6035,2.7803e-08
6036,2.77125e-08
6037,2.76222e-08
6038,2.75322e-08
6039,2.74425e-08
6040,2.73531e-08
6041,2.7264e-08
6042,2.71752e-08
6043,2.70867e-08
6044,2.69984e-08
6045,2.69105e-08
6046,2.68228e-08
6047,2.67354e-08
6048,2.66483e-08
6049,2.65615e-08
6050,2.6475e-08
6051,2.63887e-08
6052,2.63028e-08
6053,2.62171e-08
6054,2.61317e-08
6055,2.60465e-08
6056,2.59617e-08
6057,2.58771e-08
6058,2.57928e-08
6059,2.57088e-08
6060,2.56251e-08
6061,2.55415e-08
6062,2.54584e-08
6063,2.53754e-08
6064,2.52928e-08
6065,2.52104e-08
6066,2.51282e-08
6067,2.50464e-08
6068,2.49648e-08
6069,2.48835e-08
6070,2.48024e-08
6071,2.47216e-08
6072,2.46411e-08
6073,2.45608e-08
6074,2.44808e-08
6075,2.4401e-08
6076,2.43216e-08
6077,2.42423e-08
6078,2.41633e-08
6079,2.40846e-08
6080,2.40062e-08
6081,2.3928e-08
6082,2.385e-08
6083,2.37723e-08
6084,2.36949e-08
6085,2.36177e-08
6086,2.35408e-08
6087,2.34641e-08
6088,2.33876e-08
6089,2.33114e-08
6090,2.32355e-08
6091,2.31598e-08
6092,2.30844e-08
6093,2.30092e-08
6094,2.29342e-08
6095,2.28595e-08
6096,2.2785e-08
6097,2.27108e-08
6098,2.26368e-08
6099,2.25631e-08
6100,2.24896e-08
6101,2.24163e-08
6102,2.23433e-08
6103,2.22705e-08
6104,2.21979e-08
6105,2.21256e-08
6106,2.20536e-08
6107,2.19817e-08
6108,2.19101e-08
6109,2.18387e-08
6110,2.17676e-08
6111,2.16967e-08
6112,2.1626e-08
6113,2.15556e-08
6114,2.14853e-08
6115,2.14154e-08
6116,2.13456e-08
6117,2.12761e-08
6118,2.12067e-08
6119,2.11376e-08
6120,2.10688e-08
6121,2.10002e-08
6122,2.09318e-08
6123,2.08636e-08
6124,2.07956e-08
6125,2.07278e-08
6126,2.06603e-08
6127,2.0593e-08
6128,2.0526e-08
6129,2.04591e-08
6130,2.03924e-08
6131,2.0326e-08
6132,2.02598e-08
6133,2.01938e-08
6134,2.0128e-08
6135,2.00624e-08
6136,1.99971e-08
6137,1.99319e-08
6138,1.9867e-08
6139,1.98023e-08
6140,1.97378e-08
6141,1.96735e-08
6142,1.96094e-08
6143,1.95455e-08
6144,1.94819e-08
6145,1.94184e-08
6146,1.93551e-08
6147,1.9292e-08
6148,1.92292e-08
6149,1.91666e-08
6150,1.91041e-08
6151,1.90419e-08
6152,1.89799e-08
6153,1.8918e-08
6154,1.88564e-08
6155,1.8795e-08
6156,1.87337e-08
6157,1.86727e-08
6158,1.86119e-08
6159,1.85513e-08
6160,1.84908e-08
6161,1.84306e-08
6162,1.83706e-08
6163,1.83107e-08
6164,1.82511e-08
6165,1.81916e-08
6166,1.81323e-08
6167,1.80733e-08
6168,1.80144e-08
6169,1.79557e-08
6170,1.78972e-08
6171,1.78389e-08
6172,1.77808e-08
6173,1.77229e-08
6174,1.76652e-08
6175,1.76076e-08
6176,1.75502e-08
6177,1.74931e-08
6178,1.74361e-08
6179,1.73793e-08
6180,1.73227e-08
6181,1.72662e-08
6182,1.721e-08
6183,1.71539e-08
6184,1.70981e-08
6185,1.70423e-08
6186,1.69868e-08
6187,1.69315e-08
6188,1.68763e-08
6189,1.68214e-08
6190,1.67665e-08
6191,1.6712e-08
6192,1.66575e-08
6193,1.66032e-08
6194,1.65492e-08
6195,1.64952e-08
6196,1.64415e-08
6197,1.6388e-08
6198,1.63346e-08
6199,1.62814e-08
6200,1.62283e-08
6201,1.61754e-08
6202,1.61228e-08
6203,1.60702e-08
6204,1.60179e-08
6205,1.59657e-08
6206,1.59137e-08
6207,1.58618e-08
6208,1.58102e-08
6209,1.57586e-08
6210,1.57073e-08
6211,1.56562e-08
6212,1.56052e-08
6213,1.55543e-08
6214,1.55036e-08
6215,1.54531e-08
6216,1.54028e-08
6217,1.53526e-08
6218,1.53026e-08
6219,1.52528e-08
6220,1.52031e-08
6221,1.51536e-08
6222,1.51042e-08
6223,1.5055e-08
6224,1.50059e-08
6225,1.49571e-08
6226,1.49083e-08
6227,1.48598e-08
6228,1.48114e-08
6229,1.47631e-08
6230,1.4715e-08
6231,1.46671e-08
6232,1.46193e-08
6233,1.45716e-08
6234,1.45242e-08
6235,1.44769e-08
6236,1.44297e-08
6237,1.43827e-08
6238,1.43359e-08
6239,1.42892e-08
6240,1.42426e-08
6241,1.41962e-08
6242,1.415e-08
6243,1.41039e-08
6244,1.40579e-08
6245,1.40121e-08
6246,1.39665e-08
6247,1.3921e-08
6248,1.38756e-08
6249,1.38304e-08
6250,1.37854e-08
6251,1.37405e-08
6252,1.36957e-08
6253,1.36511e-08
6254,1.36066e-08
6255,1.35623e-08
6256,1.35181e-08
6257,1.34741e-08
6258,1.34302e-08
6259,1.33865e-08
6260,1.33428e-08
6261,1.32994e-08
6262,1.3256e-08
6263,1.32129e-08
6264,1.31698e-08
6265,1.31269e-08
6266,1.30842e-08
6267,1.30415e-08
6268,1.29991e-08
6269,1.29567e-08
6270,1.29145e-08
6271,1.28724e-08
6272,1.28305e-08
6273,1.27887e-08
6274,1.27471e-08
6275,1.27055e-08
6276,1.26641e-08
6277,1.26228e-08
6278,1.25817e-08
6279,1.25407e-08
6280,1.24999e-08
6281,1.24592e-08
6282,1.24186e-08
6283,1.23781e-08
6284,1.23378e-08
6285,1.22976e-08
6286,1.22576e-08
6287,1.22176e-08
6288,1.21778e-08
6289,1.21381e-08
6290,1.20986e-08
6291,1.20592e-08
6292,1.20199e-08
6293,1.19808e-08
6294,1.19417e-08
6295,1.19028e-08
6296,1.18641e-08
6297,1.18254e-08
6298,1.17869e-08
6299,1.17485e-08
6300,1.17102e-08
6301,1.16721e-08
6302,1.1634e-08
6303,1.15961e-08
6304,1.15584e-08
6305,1.15207e-08
6306,1.14832e-08
6307,1.14458e-08
6308,1.14085e-08
6309,1.13713e-08
6310,1.13343e-08
6311,1.12973e-08
6312,1.12605e-08
6313,1.12239e-08
6314,1.11873e-08
6315,1.11509e-08
6316,1.11146e-08
6317,1.10783e-08
6318,1.10423e-08
6319,1.10063e-08
6320,1.09704e-08
6321,1.09347e-08
6322,1.08991e-08
6323,1.08635e-08
6324,1.08282e-08
6325,1.07929e-08
6326,1.07577e-08
6327,1.07227e-08
6328,1.06878e-08
6329,1.0653e-08
6330,1.06183e-08
6331,1.05837e-08
6332,1.05492e-08
6333,1.05148e-08
6334,1.04806e-08
6335,1.04464e-08
6336,1.04124e-08
6337,1.03784e-08
6338,1.03447e-08
6339,1.0311e-08
6340,1.02774e-08
6341,1.02439e-08
6342,1.02105e-08
6343,1.01773e-08
6344,1.01441e-08
6345,1.0111e-08
6346,1.00781e-08
6347,1.00453e-08
6348,1.00125e-08
6349,9.97994e-09
